{"type":"FeatureCollection","features":[{"type":"Feature","properties":{"STATEFP10":"53","ZCTA5CE10":"98198","GEOID10":"5398198","CLASSFP10":"B5","MTFCC10":"G6350","FUNCSTAT10":"S","ALAND10":20167178,"AWATER10":2323850,"INTPTLAT10":"+47.3913237","INTPTLON10":"-122.3149760","PARTFLG10":"N"},"geometry":{"type":"Polygon","coordinates":[[[-122.324833,47.348521],[-122.329706,47.350222],[-122.328913,47.352575],[-122.328913,47.355859],[-122.329533,47.35889],[-122.32916,47.361585],[-122.330031,47.364618],[-122.329533,47.367313],[-122.331037,47.372071],[-122.330653,47.374977],[-122.330369,47.37579],[-122.329545,47.378153],[-122.330528,47.383146],[-122.330971,47.385389],[-122.331523,47.388198],[-122.33028,47.391736],[-122.332137,47.397852],[-122.33589,47.403215],[-122.340833,47.406927],[-122.343594,47.408505],[-122.335234,47.408421],[-122.336503,47.409164],[-122.333863,47.410077],[-122.333129,47.409919],[-122.33315,47.410015],[-122.333209,47.41017],[-122.333255,47.410256],[-122.33331,47.41034],[-122.333373,47.410421],[-122.333443,47.410499],[-122.333522,47.410574],[-122.333608,47.410644],[-122.334032,47.410933],[-122.3341,47.410991],[-122.334215,47.411111],[-122.334349,47.411297],[-122.334412,47.411416],[-122.33447,47.411579],[-122.334581,47.412167],[-122.334682,47.412731],[-122.334809,47.413425],[-122.335197,47.415579],[-122.335252,47.416043],[-122.335283,47.416593],[-122.335274,47.417363],[-122.335271,47.418578],[-122.33527,47.418727],[-122.335268,47.419179],[-122.335268,47.419823],[-122.335268,47.420183],[-122.335262,47.42046],[-122.335253,47.420953],[-122.33525,47.421088],[-122.335239,47.421508],[-122.335204,47.423094],[-122.335212,47.423273],[-122.334524,47.42324],[-122.334192,47.423224],[-122.33361,47.423476],[-122.332354,47.423347],[-122.33154,47.423343],[-122.331242,47.423228],[-122.330784,47.423248],[-122.330784,47.423294],[-122.330764,47.423494],[-122.330736,47.423618],[-122.330305,47.42361],[-122.329962,47.423612],[-122.329672,47.42362],[-122.329267,47.423631],[-122.329088,47.423613],[-122.329009,47.423597],[-122.328844,47.423547],[-122.32876,47.423511],[-122.328696,47.423476],[-122.328473,47.423331],[-122.328411,47.4233],[-122.328266,47.423236],[-122.328084,47.423177],[-122.327893,47.423136],[-122.327695,47.423114],[-122.327413,47.423106],[-122.326669,47.423092],[-122.32589,47.423078],[-122.324783,47.423058],[-122.324188,47.423047],[-122.323434,47.423035],[-122.322809,47.423028],[-122.321861,47.423001],[-122.321527,47.422985],[-122.320863,47.422965],[-122.320057,47.422939],[-122.31892,47.422919],[-122.318429,47.422909],[-122.317873,47.422893],[-122.317337,47.422881],[-122.316759,47.422866],[-122.315647,47.422836],[-122.315483,47.422833],[-122.314463,47.422814],[-122.314189,47.422812],[-122.313319,47.422824],[-122.312398,47.422824],[-122.311701,47.422817],[-122.31056,47.422781],[-122.309401,47.422767],[-122.308549,47.422759],[-122.307993,47.422758],[-122.307863,47.422758],[-122.305565,47.422743],[-122.305332,47.422743],[-122.304169,47.422739],[-122.30281,47.422726],[-122.301836,47.422723],[-122.301503,47.42272],[-122.300814,47.422724],[-122.300103,47.422726],[-122.299015,47.422717],[-122.298897,47.422715],[-122.297619,47.422702],[-122.296355,47.422696],[-122.295915,47.422694],[-122.295402,47.422693],[-122.294767,47.422685],[-122.293908,47.422683],[-122.293906,47.422774],[-122.293885,47.422826],[-122.293825,47.422932],[-122.293681,47.423111],[-122.293555,47.423317],[-122.29339,47.423578],[-122.293326,47.42368],[-122.29315,47.423718],[-122.293024,47.423745],[-122.292931,47.423758],[-122.292719,47.423772],[-122.292307,47.423776],[-122.292025,47.423771],[-122.292047,47.422674],[-122.290918,47.422691],[-122.2901,47.422706],[-122.288864,47.422726],[-122.288313,47.422735],[-122.287854,47.422744],[-122.287717,47.422745],[-122.287599,47.422736],[-122.287522,47.422721],[-122.287456,47.422702],[-122.287369,47.42267],[-122.287218,47.422605],[-122.286975,47.422468],[-122.286796,47.422383],[-122.286717,47.42234],[-122.286641,47.422282],[-122.286567,47.42221],[-122.286513,47.422136],[-122.28647,47.422044],[-122.286458,47.421934],[-122.28647,47.421808],[-122.286501,47.421691],[-122.286544,47.421596],[-122.286658,47.421397],[-122.286674,47.421369],[-122.28675,47.42126],[-122.286844,47.421139],[-122.287429,47.420486],[-122.287396,47.420369],[-122.287211,47.420552],[-122.286856,47.420885],[-122.286234,47.421411],[-122.286091,47.421525],[-122.285885,47.421689],[-122.285188,47.422203],[-122.284362,47.422778],[-122.284137,47.422778],[-122.284135,47.42253],[-122.28417,47.421712],[-122.283664,47.422067],[-122.282811,47.421503],[-122.28238,47.421854],[-122.282254,47.42194],[-122.281557,47.422368],[-122.281461,47.419365],[-122.281456,47.419264],[-122.281451,47.41918],[-122.281408,47.418291],[-122.281496,47.418082],[-122.28179,47.417387],[-122.282124,47.416602],[-122.282229,47.416354],[-122.282261,47.416278],[-122.282291,47.41607],[-122.282331,47.415799],[-122.282364,47.415572],[-122.28235,47.415517],[-122.282263,47.41517],[-122.282155,47.414737],[-122.281825,47.414101],[-122.281537,47.413562],[-122.280982,47.412849],[-122.280928,47.412802],[-122.280823,47.412718],[-122.280813,47.412705],[-122.280935,47.412631],[-122.280991,47.412565],[-122.281009,47.412475],[-122.281046,47.412236],[-122.281054,47.412158],[-122.281153,47.411716],[-122.281316,47.410981],[-122.281345,47.410758],[-122.28137,47.410371],[-122.281376,47.409252],[-122.281357,47.40894],[-122.281346,47.40886],[-122.281318,47.408761],[-122.281234,47.408548],[-122.281285,47.408533],[-122.281329,47.408509],[-122.28136,47.408477],[-122.281377,47.408442],[-122.281379,47.408404],[-122.281374,47.408385],[-122.281632,47.40832],[-122.281796,47.408266],[-122.28187,47.408226],[-122.281976,47.408152],[-122.282753,47.407502],[-122.282893,47.407392],[-122.28304,47.407301],[-122.283147,47.407249],[-122.283309,47.407194],[-122.283456,47.407162],[-122.283546,47.407148],[-122.283771,47.407136],[-122.283908,47.407143],[-122.284027,47.407158],[-122.284132,47.407179],[-122.284227,47.407208],[-122.284403,47.407274],[-122.284464,47.407304],[-122.284562,47.407358],[-122.284632,47.407407],[-122.284748,47.407527],[-122.28486,47.407684],[-122.284882,47.407714],[-122.285023,47.407924],[-122.285255,47.408264],[-122.285655,47.408254],[-122.286146,47.408249],[-122.286581,47.408243],[-122.286556,47.40381],[-122.286556,47.403736],[-122.286845,47.403726],[-122.288523,47.403671],[-122.288778,47.403665],[-122.288765,47.403458],[-122.288749,47.403365],[-122.288714,47.403259],[-122.288471,47.402918],[-122.288465,47.402875],[-122.288482,47.402842],[-122.288389,47.402615],[-122.288368,47.402411],[-122.288339,47.402131],[-122.290091,47.402133],[-122.290169,47.402141],[-122.290171,47.402104],[-122.290174,47.401833],[-122.290176,47.401663],[-122.290181,47.401316],[-122.290185,47.401019],[-122.290186,47.400968],[-122.286552,47.401031],[-122.285635,47.401047],[-122.283976,47.401067],[-122.283944,47.399497],[-122.283246,47.399497],[-122.283246,47.397838],[-122.283454,47.397838],[-122.283895,47.397184],[-122.283885,47.396683],[-122.284117,47.39664],[-122.284069,47.396556],[-122.286568,47.396474],[-122.286546,47.395694],[-122.287315,47.395686],[-122.28732,47.395848],[-122.289305,47.39581],[-122.28934,47.395879],[-122.289926,47.395857],[-122.290266,47.395851],[-122.290346,47.396076],[-122.291328,47.396065],[-122.291727,47.396065],[-122.29169,47.395825],[-122.291654,47.395587],[-122.291649,47.395554],[-122.291498,47.394579],[-122.291378,47.393769],[-122.291354,47.393613],[-122.291252,47.392924],[-122.29106,47.39172],[-122.291123,47.391738],[-122.291873,47.391961],[-122.292318,47.392094],[-122.292462,47.392151],[-122.292616,47.392206],[-122.292743,47.392251],[-122.292804,47.392277],[-122.293078,47.392397],[-122.293318,47.392529],[-122.293498,47.392625],[-122.293837,47.392839],[-122.294248,47.393169],[-122.294742,47.393592],[-122.294836,47.393666],[-122.295481,47.394221],[-122.295676,47.394398],[-122.295964,47.39463],[-122.296098,47.394723],[-122.296239,47.39481],[-122.296511,47.394954],[-122.296638,47.395013],[-122.296833,47.395095],[-122.297001,47.395157],[-122.297156,47.395208],[-122.297437,47.395286],[-122.297618,47.395328],[-122.297878,47.395378],[-122.298531,47.395483],[-122.298848,47.39553],[-122.29879,47.39374],[-122.297746,47.393724],[-122.297557,47.393724],[-122.297187,47.393721],[-122.297191,47.392464],[-122.29521,47.392439],[-122.295238,47.392315],[-122.296239,47.392333],[-122.296259,47.392173],[-122.296027,47.392185],[-122.295645,47.392185],[-122.295674,47.392057],[-122.295113,47.392027],[-122.295362,47.391033],[-122.295379,47.390965],[-122.295527,47.390965],[-122.297204,47.390962],[-122.297198,47.390426],[-122.295809,47.390432],[-122.295524,47.390396],[-122.295611,47.390057],[-122.295721,47.389576],[-122.295827,47.389113],[-122.295851,47.389009],[-122.29722,47.389033],[-122.297229,47.388383],[-122.297244,47.387384],[-122.296389,47.387377],[-122.296271,47.387365],[-122.296356,47.387031],[-122.296419,47.38677],[-122.296477,47.386521],[-122.296709,47.386523],[-122.297288,47.386528],[-122.297723,47.386525],[-122.29816,47.386521],[-122.298629,47.386518],[-122.298727,47.386518],[-122.298712,47.38623],[-122.298646,47.384944],[-122.298657,47.384659],[-122.297688,47.384646],[-122.297688,47.384402],[-122.297687,47.38426],[-122.297028,47.384229],[-122.297369,47.382893],[-122.297439,47.382589],[-122.298671,47.382586],[-122.298676,47.382166],[-122.298709,47.381147],[-122.299621,47.381143],[-122.300533,47.381103],[-122.300542,47.380339],[-122.300533,47.379451],[-122.300616,47.379451],[-122.301826,47.379465],[-122.301956,47.37945],[-122.30212,47.379429],[-122.303727,47.379467],[-122.303766,47.379484],[-122.303828,47.379491],[-122.304802,47.379498],[-122.304929,47.379498],[-122.306088,47.379534],[-122.306722,47.379548],[-122.30718,47.379554],[-122.307899,47.37956],[-122.307861,47.37778],[-122.307823,47.37608],[-122.307822,47.375981],[-122.306811,47.375965],[-122.305746,47.375949],[-122.304691,47.375933],[-122.303378,47.375913],[-122.302826,47.375905],[-122.302737,47.375904],[-122.302487,47.375898],[-122.302351,47.374671],[-122.300642,47.374633],[-122.301013,47.373929],[-122.301279,47.373422],[-122.301569,47.372866],[-122.301875,47.372279],[-122.302244,47.371585],[-122.302575,47.370965],[-122.303029,47.370112],[-122.303225,47.369742],[-122.303756,47.368702],[-122.304139,47.367963],[-122.304427,47.367411],[-122.304589,47.367104],[-122.304666,47.366958],[-122.304742,47.366814],[-122.304971,47.366381],[-122.305286,47.365787],[-122.305574,47.365246],[-122.306883,47.362728],[-122.30751,47.361536],[-122.307679,47.361219],[-122.30796,47.360665],[-122.308187,47.360217],[-122.308522,47.359595],[-122.308808,47.359043],[-122.308974,47.358751],[-122.309417,47.357942],[-122.310477,47.357951],[-122.31178,47.357959],[-122.312305,47.35796],[-122.313233,47.357946],[-122.313232,47.357498],[-122.313252,47.356865],[-122.313249,47.356309],[-122.313243,47.355302],[-122.313259,47.354325],[-122.313255,47.353708],[-122.313254,47.353446],[-122.313241,47.353322],[-122.313216,47.353199],[-122.313179,47.353078],[-122.313129,47.352958],[-122.313066,47.352842],[-122.31303,47.352787],[-122.312974,47.352702],[-122.312707,47.352345],[-122.312505,47.352031],[-122.312343,47.351841],[-122.312217,47.351738],[-122.312433,47.351743],[-122.312531,47.351734],[-122.312569,47.35173],[-122.312656,47.351715],[-122.312858,47.351666],[-122.312994,47.351622],[-122.313166,47.351594],[-122.313213,47.351589],[-122.313215,47.350686],[-122.313318,47.350685],[-122.313237,47.349193],[-122.313212,47.348873],[-122.313608,47.348873],[-122.315846,47.348874],[-122.315848,47.348746],[-122.315855,47.348398],[-122.315884,47.347047],[-122.316085,47.347047],[-122.316705,47.347032],[-122.317708,47.347012],[-122.317743,47.347011],[-122.31782,47.34702],[-122.318509,47.34702],[-122.318515,47.346686],[-122.31861,47.343533],[-122.318726,47.343536],[-122.318875,47.34354],[-122.318951,47.343975],[-122.319013,47.344201],[-122.319484,47.345389],[-122.319698,47.345382],[-122.320308,47.345366],[-122.321221,47.345341],[-122.321215,47.345662],[-122.321567,47.346103],[-122.321795,47.346647],[-122.321873,47.346841],[-122.32223,47.346825],[-122.322424,47.346816],[-122.322551,47.346694],[-122.323276,47.346858],[-122.323505,47.346664],[-122.323551,47.346264],[-122.323591,47.346135],[-122.323798,47.345867],[-122.324627,47.346194],[-122.324678,47.346148],[-122.326047,47.344717],[-122.326295,47.344568],[-122.326207,47.344499],[-122.326007,47.344367],[-122.326881,47.343851],[-122.328276,47.343598],[-122.328655,47.343372],[-122.33018,47.343386],[-122.330282,47.343152],[-122.330426,47.342824],[-122.330524,47.342525],[-122.330865,47.342085],[-122.330157,47.341945],[-122.329687,47.34155],[-122.32952,47.341258],[-122.329428,47.341106],[-122.329182,47.341103],[-122.329177,47.340397],[-122.331801,47.340402],[-122.334138,47.340407],[-122.334153,47.340515],[-122.334198,47.340709],[-122.334206,47.340781],[-122.334237,47.340906],[-122.334276,47.341102],[-122.334328,47.341461],[-122.334335,47.341576],[-122.334333,47.34188],[-122.334321,47.341991],[-122.334276,47.342208],[-122.334248,47.342286],[-122.33422,47.342364],[-122.334169,47.34245],[-122.334066,47.342548],[-122.333892,47.342678],[-122.333812,47.34273],[-122.333012,47.343246],[-122.332736,47.343405],[-122.332605,47.343471],[-122.331011,47.344181],[-122.33081,47.344254],[-122.330142,47.344572],[-122.329472,47.344914],[-122.329065,47.345141],[-122.328927,47.345223],[-122.328761,47.345314],[-122.328643,47.345387],[-122.327902,47.345818],[-122.327794,47.345889],[-122.326918,47.346503],[-122.325814,47.347334],[-122.325786,47.347374],[-122.32552,47.347549],[-122.325,47.347961],[-122.32492,47.348011],[-122.324913,47.348024],[-122.324698,47.34817],[-122.32456,47.348295],[-122.324488,47.348372],[-122.324272,47.348606],[-122.324833,47.348521]]]}},{"type":"Feature","properties":{"STATEFP10":"53","ZCTA5CE10":"98112","GEOID10":"5398112","CLASSFP10":"B5","MTFCC10":"G6350","FUNCSTAT10":"S","ALAND10":8187984,"AWATER10":3833109,"INTPTLAT10":"+47.6328103","INTPTLON10":"-122.2885112","PARTFLG10":"N"},"geometry":{"type":"Polygon","coordinates":[[[-122.306082,47.6185],[-122.307386,47.618504],[-122.307541,47.618504],[-122.30852,47.618507],[-122.308833,47.618508],[-122.30883,47.619],[-122.308822,47.619667],[-122.310076,47.619671],[-122.31013,47.619671],[-122.310138,47.618632],[-122.31014,47.618511],[-122.311445,47.618515],[-122.312744,47.618519],[-122.31337,47.61852],[-122.313685,47.61879],[-122.3143,47.618786],[-122.315606,47.618776],[-122.315621,47.619944],[-122.315643,47.621111],[-122.315273,47.621113],[-122.314687,47.621118],[-122.314677,47.621697],[-122.314674,47.621953],[-122.315044,47.621954],[-122.315724,47.621958],[-122.315706,47.623109],[-122.315687,47.624259],[-122.314983,47.624257],[-122.315233,47.624969],[-122.315027,47.626114],[-122.315462,47.626525],[-122.315272,47.62658],[-122.31484,47.626823],[-122.314737,47.626858],[-122.314595,47.626885],[-122.314583,47.627655],[-122.314571,47.628415],[-122.315674,47.628423],[-122.316777,47.628431],[-122.318038,47.628439],[-122.318219,47.628486],[-122.318429,47.628617],[-122.318488,47.628634],[-122.31813,47.62886],[-122.317777,47.628877],[-122.317925,47.629011],[-122.318023,47.629137],[-122.318093,47.629295],[-122.318127,47.629479],[-122.318123,47.629663],[-122.318091,47.62988],[-122.317922,47.630213],[-122.317856,47.630487],[-122.317745,47.630649],[-122.31771,47.6307],[-122.317379,47.630971],[-122.317306,47.631068],[-122.317037,47.631529],[-122.316973,47.631594],[-122.316742,47.63173],[-122.316509,47.631822],[-122.315892,47.631869],[-122.315842,47.631949],[-122.315785,47.631976],[-122.315723,47.631984],[-122.315648,47.631976],[-122.31559,47.63195],[-122.315551,47.63191],[-122.315539,47.631864],[-122.314758,47.631826],[-122.31421,47.631763],[-122.313779,47.631778],[-122.313487,47.631806],[-122.313132,47.631924],[-122.312498,47.632332],[-122.312483,47.633764],[-122.312552,47.634026],[-122.312626,47.634131],[-122.312723,47.634247],[-122.313039,47.634552],[-122.313213,47.634766],[-122.313388,47.635047],[-122.313507,47.635321],[-122.313582,47.635606],[-122.31361,47.635944],[-122.313609,47.635984],[-122.31462,47.63598],[-122.31472,47.635996],[-122.315322,47.636003],[-122.316235,47.636065],[-122.31672,47.636072],[-122.317053,47.636069],[-122.317227,47.63606],[-122.317328,47.636051],[-122.31732,47.63684],[-122.31733,47.63724],[-122.317286,47.63724],[-122.315224,47.637233],[-122.315224,47.637238],[-122.31522,47.637644],[-122.315214,47.638262],[-122.315206,47.639208],[-122.315252,47.639315],[-122.315333,47.639407],[-122.315426,47.639467],[-122.315463,47.639491],[-122.315624,47.639545],[-122.315696,47.639558],[-122.316037,47.639557],[-122.316044,47.640738],[-122.316051,47.640775],[-122.316085,47.64082],[-122.316114,47.640833],[-122.316163,47.640853],[-122.316238,47.640859],[-122.316976,47.640852],[-122.317952,47.640849],[-122.317951,47.641353],[-122.317951,47.64257],[-122.31751,47.642269],[-122.317301,47.642149],[-122.31712,47.642064],[-122.316998,47.642026],[-122.316485,47.641906],[-122.316038,47.641811],[-122.31588,47.641754],[-122.315775,47.641695],[-122.315694,47.641626],[-122.315635,47.641555],[-122.315594,47.641471],[-122.31552,47.641218],[-122.315433,47.641027],[-122.315376,47.640932],[-122.315264,47.640853],[-122.315131,47.640797],[-122.314996,47.640753],[-122.31481,47.640705],[-122.31465,47.640655],[-122.314502,47.640597],[-122.314362,47.640523],[-122.314267,47.640446],[-122.314166,47.640317],[-122.314017,47.640072],[-122.313851,47.63982],[-122.313766,47.639736],[-122.313669,47.639678],[-122.313585,47.639764],[-122.313446,47.639793],[-122.313343,47.639842],[-122.313129,47.640004],[-122.313078,47.640103],[-122.313086,47.640173],[-122.313128,47.640238],[-122.313303,47.640353],[-122.313384,47.640455],[-122.313522,47.641047],[-122.314428,47.641661],[-122.314336,47.641832],[-122.314273,47.641912],[-122.314245,47.641949],[-122.314143,47.64203],[-122.313851,47.642204],[-122.313365,47.643077],[-122.312455,47.643094],[-122.311732,47.643109],[-122.311014,47.643118],[-122.31085,47.643123],[-122.310852,47.64316],[-122.310852,47.643202],[-122.310848,47.643316],[-122.310826,47.643929],[-122.310807,47.644082],[-122.310437,47.64712],[-122.308979,47.647241],[-122.305172,47.647558],[-122.304599,47.647402],[-122.304452,47.647348],[-122.300813,47.647363],[-122.300269,47.647366],[-122.290427,47.647478],[-122.286736,47.64752],[-122.285036,47.64752],[-122.27702,47.64741],[-122.275836,47.647394],[-122.275585,47.64739],[-122.271139,47.64733],[-122.255735,47.64712],[-122.259087,47.640375],[-122.259125,47.640299],[-122.260051,47.63699],[-122.26142,47.632008],[-122.263535,47.62432],[-122.263823,47.624468],[-122.280229,47.626243],[-122.280957,47.625468],[-122.281057,47.625363],[-122.281653,47.624703],[-122.281661,47.623073],[-122.279569,47.62122],[-122.279558,47.616756],[-122.279699,47.616352],[-122.280151,47.616346],[-122.280342,47.61635],[-122.280342,47.61643],[-122.281756,47.616444],[-122.282474,47.61646],[-122.282581,47.616459],[-122.282565,47.617251],[-122.282574,47.617569],[-122.282628,47.617665],[-122.283038,47.617622],[-122.28322,47.617607],[-122.284569,47.617612],[-122.284723,47.617881],[-122.284814,47.617997],[-122.284931,47.6181],[-122.285067,47.618187],[-122.285229,47.61826],[-122.28541,47.618313],[-122.285563,47.618335],[-122.285709,47.618356],[-122.286469,47.618358],[-122.287544,47.618361],[-122.287978,47.618365],[-122.288172,47.618363],[-122.28832,47.61835],[-122.288439,47.618333],[-122.288568,47.618307],[-122.288668,47.618271],[-122.288762,47.618364],[-122.28929,47.618366],[-122.289521,47.618339],[-122.289877,47.618338],[-122.290645,47.618326],[-122.290834,47.618337],[-122.290989,47.618382],[-122.2911,47.61842],[-122.291182,47.618463],[-122.291207,47.618484],[-122.291249,47.618519],[-122.291264,47.618869],[-122.292348,47.618878],[-122.293507,47.618884],[-122.294813,47.618891],[-122.296118,47.618897],[-122.297265,47.618903],[-122.298561,47.61891],[-122.298838,47.618911],[-122.299876,47.618916],[-122.301182,47.618923],[-122.302481,47.618931],[-122.302554,47.618932],[-122.302549,47.619169],[-122.303652,47.618418],[-122.304161,47.618085],[-122.304199,47.61811],[-122.304771,47.618496],[-122.306082,47.6185]]]}},{"type":"Feature","properties":{"STATEFP10":"53","ZCTA5CE10":"98164","GEOID10":"5398164","CLASSFP10":"B5","MTFCC10":"G6350","FUNCSTAT10":"S","ALAND10":9165,"AWATER10":0,"INTPTLAT10":"+47.6059615","INTPTLON10":"-122.3320293","PARTFLG10":"N"},"geometry":{"type":"Polygon","coordinates":[[[-122.331148,47.605837],[-122.332258,47.605372],[-122.332911,47.606086],[-122.3318,47.606551],[-122.331148,47.605837]]]}},{"type":"Feature","properties":{"STATEFP10":"53","ZCTA5CE10":"98109","GEOID10":"5398109","CLASSFP10":"B5","MTFCC10":"G6350","FUNCSTAT10":"S","ALAND10":5178191,"AWATER10":1079071,"INTPTLAT10":"+47.6318633","INTPTLON10":"-122.3442667","PARTFLG10":"N"},"geometry":{"type":"Polygon","coordinates":[[[-122.356957,47.635954],[-122.356943,47.637168],[-122.356928,47.638381],[-122.356914,47.639594],[-122.357147,47.639594],[-122.357336,47.639594],[-122.358252,47.639595],[-122.358242,47.64117],[-122.35824,47.641431],[-122.357666,47.641431],[-122.357304,47.641431],[-122.357079,47.641431],[-122.356901,47.641432],[-122.356899,47.641659],[-122.356889,47.643238],[-122.35689,47.644114],[-122.356883,47.644964],[-122.356879,47.645814],[-122.356868,47.64689],[-122.357692,47.646891],[-122.357688,47.647774],[-122.357683,47.648658],[-122.35768,47.64954],[-122.35768,47.649773],[-122.357679,47.650192],[-122.357678,47.65028],[-122.357681,47.650379],[-122.357228,47.650374],[-122.358703,47.651027],[-122.359356,47.651316],[-122.359682,47.651459],[-122.360756,47.651778],[-122.360852,47.651783],[-122.360874,47.651931],[-122.360539,47.65242],[-122.360539,47.65292],[-122.355448,47.650416],[-122.354463,47.649932],[-122.351388,47.648551],[-122.349748,47.647814],[-122.348405,47.647267],[-122.347365,47.646849],[-122.347233,47.646796],[-122.34704,47.646709],[-122.343057,47.643419],[-122.340429,47.641248],[-122.338394,47.639566],[-122.338338,47.63952],[-122.337538,47.63972],[-122.330237,47.63982],[-122.330188,47.638317],[-122.330137,47.63672],[-122.330437,47.63622],[-122.327937,47.63512],[-122.327437,47.63362],[-122.330237,47.63532],[-122.330237,47.63502],[-122.329437,47.63452],[-122.329737,47.63432],[-122.330137,47.63462],[-122.330437,47.63432],[-122.329397,47.633651],[-122.329259,47.633865],[-122.327078,47.63255],[-122.326956,47.632469],[-122.326982,47.631778],[-122.326508,47.632152],[-122.32638,47.63221],[-122.326073,47.632254],[-122.325148,47.632254],[-122.324983,47.632254],[-122.324699,47.632256],[-122.324412,47.632258],[-122.324057,47.632256],[-122.324278,47.631881],[-122.324669,47.631435],[-122.326205,47.62993],[-122.326419,47.629721],[-122.327087,47.629067],[-122.327347,47.628737],[-122.327634,47.628276],[-122.327872,47.628228],[-122.328053,47.628192],[-122.328269,47.62815],[-122.328324,47.628036],[-122.328397,47.627846],[-122.328453,47.627671],[-122.328498,47.627482],[-122.328537,47.627289],[-122.328557,47.626994],[-122.328593,47.626556],[-122.328575,47.625442],[-122.328142,47.625782],[-122.328139,47.625152],[-122.328139,47.625116],[-122.32814,47.624904],[-122.32814,47.624277],[-122.328141,47.624188],[-122.328119,47.621972],[-122.328119,47.62191],[-122.328129,47.621218],[-122.328147,47.620641],[-122.328151,47.620014],[-122.328176,47.619576],[-122.328192,47.619314],[-122.328241,47.618986],[-122.328298,47.61848],[-122.328472,47.618474],[-122.328589,47.61847],[-122.328707,47.618467],[-122.328913,47.61846],[-122.32913,47.618452],[-122.329872,47.618432],[-122.330279,47.618451],[-122.330308,47.618452],[-122.330725,47.61849],[-122.331397,47.618506],[-122.332244,47.618509],[-122.332975,47.618511],[-122.333389,47.618513],[-122.333622,47.618532],[-122.334304,47.618529],[-122.335147,47.61853],[-122.335322,47.61852],[-122.335878,47.618522],[-122.336302,47.618532],[-122.337214,47.61853],[-122.338486,47.618532],[-122.338597,47.618533],[-122.339378,47.618536],[-122.339888,47.618539],[-122.341374,47.618545],[-122.342404,47.618548],[-122.343477,47.618553],[-122.34358,47.618553],[-122.343668,47.618554],[-122.343777,47.618554],[-122.345008,47.618559],[-122.345368,47.618561],[-122.346318,47.618564],[-122.347283,47.618575],[-122.347577,47.618575],[-122.347674,47.618575],[-122.348606,47.618574],[-122.348924,47.618574],[-122.350357,47.61858],[-122.351362,47.618585],[-122.352841,47.61859],[-122.353012,47.618333],[-122.353193,47.618193],[-122.353833,47.617698],[-122.354155,47.617868],[-122.354933,47.618305],[-122.355179,47.618444],[-122.355455,47.6186],[-122.356758,47.618605],[-122.357363,47.618608],[-122.357434,47.61865],[-122.358061,47.619021],[-122.358054,47.619778],[-122.358046,47.620945],[-122.358037,47.622112],[-122.357362,47.622109],[-122.356731,47.622107],[-122.356722,47.623275],[-122.356711,47.624581],[-122.356704,47.625452],[-122.356705,47.625713],[-122.356699,47.626315],[-122.356691,47.627191],[-122.357997,47.627194],[-122.357994,47.627722],[-122.357931,47.628717],[-122.357011,47.628711],[-122.356682,47.62871],[-122.356624,47.629571],[-122.357119,47.629572],[-122.357921,47.629575],[-122.357911,47.630443],[-122.3579,47.631308],[-122.356727,47.6313],[-122.356597,47.6313],[-122.356594,47.631499],[-122.35659,47.63195],[-122.356609,47.632134],[-122.356655,47.632222],[-122.356779,47.632315],[-122.357017,47.632315],[-122.357888,47.632316],[-122.358342,47.632318],[-122.358327,47.633528],[-122.358313,47.634741],[-122.358297,47.635954],[-122.356957,47.635954]]]}},{"type":"Feature","properties":{"STATEFP10":"53","ZCTA5CE10":"98103","GEOID10":"5398103","CLASSFP10":"B5","MTFCC10":"G6350","FUNCSTAT10":"S","ALAND10":12005476,"AWATER10":1705646,"INTPTLAT10":"+47.6782553","INTPTLON10":"-122.3381521","PARTFLG10":"N"},"geometry":{"type":"Polygon","coordinates":[[[-122.357386,47.692428],[-122.357389,47.694223],[-122.357393,47.696032],[-122.357398,47.697842],[-122.358059,47.697844],[-122.358077,47.699658],[-122.358076,47.701472],[-122.356756,47.701466],[-122.355416,47.701459],[-122.354654,47.701457],[-122.354073,47.701456],[-122.352729,47.701452],[-122.351252,47.701447],[-122.350041,47.701444],[-122.350035,47.700987],[-122.348405,47.700867],[-122.347748,47.701081],[-122.347344,47.701333],[-122.347346,47.701436],[-122.344751,47.701429],[-122.344652,47.701428],[-122.341959,47.701421],[-122.340601,47.701418],[-122.339749,47.701416],[-122.339265,47.701415],[-122.338781,47.701413],[-122.337676,47.701411],[-122.337469,47.70141],[-122.336572,47.701408],[-122.335673,47.701405],[-122.335202,47.701397],[-122.33505,47.701394],[-122.335042,47.701523],[-122.335012,47.701641],[-122.334958,47.701775],[-122.334885,47.701891],[-122.33477,47.702022],[-122.334633,47.702143],[-122.334296,47.702395],[-122.334181,47.702499],[-122.334077,47.702611],[-122.333975,47.702771],[-122.333897,47.702926],[-122.333854,47.70311],[-122.333904,47.703218],[-122.332382,47.703207],[-122.330551,47.70319],[-122.330538,47.701445],[-122.33017,47.701441],[-122.329963,47.701439],[-122.329961,47.70127],[-122.329941,47.70076],[-122.329895,47.700328],[-122.329867,47.700065],[-122.32944,47.696571],[-122.32936,47.695919],[-122.329023,47.695914],[-122.32903,47.694199],[-122.329033,47.693527],[-122.329085,47.692079],[-122.329094,47.691514],[-122.329075,47.691141],[-122.329033,47.690838],[-122.328957,47.690447],[-122.328956,47.690446],[-122.328908,47.690289],[-122.328889,47.690246],[-122.328961,47.690293],[-122.329136,47.690368],[-122.329063,47.690091],[-122.328894,47.689671],[-122.328771,47.689415],[-122.328498,47.688955],[-122.328257,47.688627],[-122.328137,47.688463],[-122.327855,47.688145],[-122.32765,47.687927],[-122.327416,47.687708],[-122.327129,47.687472],[-122.326649,47.687079],[-122.326291,47.686799],[-122.326591,47.686806],[-122.326989,47.686815],[-122.327396,47.686829],[-122.328334,47.686848],[-122.328308,47.685044],[-122.3283,47.683339],[-122.3283,47.683239],[-122.329346,47.683251],[-122.329437,47.683017],[-122.329586,47.68264],[-122.329358,47.682594],[-122.329059,47.682512],[-122.328774,47.68241],[-122.328572,47.682321],[-122.328259,47.682148],[-122.32749,47.681656],[-122.326678,47.681139],[-122.326441,47.681003],[-122.326132,47.680709],[-122.32594,47.680475],[-122.325827,47.680291],[-122.325748,47.680101],[-122.325714,47.679815],[-122.325713,47.679718],[-122.325771,47.679594],[-122.325945,47.679224],[-122.326266,47.678903],[-122.326309,47.678868],[-122.32644,47.678767],[-122.326594,47.678671],[-122.326838,47.678555],[-122.327179,47.678433],[-122.327513,47.678368],[-122.327849,47.678329],[-122.328279,47.678309],[-122.328351,47.677511],[-122.329465,47.677558],[-122.329612,47.675948],[-122.328156,47.675933],[-122.328168,47.675165],[-122.32818,47.674398],[-122.328193,47.67363],[-122.328205,47.672862],[-122.328214,47.67228],[-122.328218,47.671994],[-122.328225,47.671567],[-122.328236,47.670854],[-122.328247,47.670115],[-122.328259,47.669364],[-122.328271,47.668646],[-122.328267,47.667903],[-122.329541,47.667902],[-122.32938,47.667657],[-122.328932,47.667411],[-122.328672,47.667306],[-122.328285,47.667223],[-122.328192,47.667204],[-122.32796,47.667178],[-122.328337,47.667058],[-122.328457,47.666985],[-122.328531,47.666913],[-122.328587,47.666822],[-122.328609,47.666744],[-122.328593,47.666458],[-122.328296,47.666006],[-122.3283,47.665733],[-122.328269,47.665001],[-122.328253,47.662607],[-122.328262,47.661358],[-122.328279,47.660251],[-122.328282,47.660098],[-122.328298,47.659038],[-122.328317,47.657782],[-122.328162,47.657706],[-122.328087,47.657705],[-122.327848,47.657705],[-122.327879,47.655548],[-122.328053,47.655549],[-122.329052,47.655556],[-122.32907,47.654283],[-122.32842,47.654279],[-122.328338,47.654283],[-122.327895,47.654305],[-122.327902,47.653759],[-122.327904,47.65365],[-122.32851,47.653039],[-122.329085,47.652452],[-122.329267,47.6523],[-122.32973,47.651936],[-122.330304,47.651531],[-122.330952,47.651065],[-122.331366,47.650707],[-122.331545,47.6505],[-122.331462,47.650487],[-122.33136,47.650472],[-122.331247,47.650493],[-122.330806,47.650787],[-122.330629,47.650872],[-122.330372,47.650944],[-122.329931,47.651308],[-122.329287,47.651766],[-122.329036,47.651963],[-122.328777,47.652181],[-122.327874,47.653087],[-122.327719,47.653211],[-122.327524,47.653343],[-122.32716,47.65351],[-122.326996,47.653573],[-122.32685,47.653615],[-122.32654,47.653224],[-122.326537,47.65032],[-122.32697,47.649902],[-122.327661,47.649237],[-122.329765,47.647209],[-122.331389,47.645645],[-122.332621,47.644458],[-122.337538,47.63972],[-122.338338,47.63952],[-122.338394,47.639566],[-122.340429,47.641248],[-122.343057,47.643419],[-122.34704,47.646709],[-122.347233,47.646796],[-122.347365,47.646849],[-122.348405,47.647267],[-122.349748,47.647814],[-122.351388,47.648551],[-122.354463,47.649932],[-122.354517,47.65019],[-122.359493,47.652564],[-122.359398,47.652676],[-122.358254,47.652146],[-122.357603,47.651964],[-122.357666,47.652129],[-122.357664,47.65292],[-122.357663,47.652964],[-122.35766,47.654149],[-122.357363,47.654149],[-122.357193,47.654149],[-122.357189,47.654863],[-122.357184,47.655576],[-122.357178,47.656345],[-122.357586,47.656344],[-122.357573,47.657677],[-122.357563,47.657694],[-122.357544,47.657706],[-122.357527,47.657718],[-122.357495,47.657721],[-122.357263,47.657724],[-122.357261,47.658],[-122.357251,47.659461],[-122.35725,47.65958],[-122.357235,47.659943],[-122.357239,47.661421],[-122.357302,47.661464],[-122.357573,47.661535],[-122.357654,47.66154],[-122.357827,47.661499],[-122.35786,47.661584],[-122.357863,47.662376],[-122.357709,47.662376],[-122.357694,47.663117],[-122.357687,47.663159],[-122.357664,47.663182],[-122.357606,47.663216],[-122.357651,47.663251],[-122.358031,47.66359],[-122.357132,47.663591],[-122.357135,47.664304],[-122.357137,47.66503],[-122.357127,47.665777],[-122.357125,47.666184],[-122.357385,47.666356],[-122.357384,47.666855],[-122.357379,47.667513],[-122.357376,47.667931],[-122.357375,47.668172],[-122.357361,47.668674],[-122.357087,47.668673],[-122.357085,47.669111],[-122.357086,47.669805],[-122.357133,47.669897],[-122.356538,47.670293],[-122.357718,47.670645],[-122.357718,47.67119],[-122.35772,47.671645],[-122.35772,47.671873],[-122.357721,47.672349],[-122.357467,47.672349],[-122.357454,47.674016],[-122.357441,47.675997],[-122.357433,47.677637],[-122.357433,47.677779],[-122.357432,47.67793],[-122.357427,47.679275],[-122.357426,47.679366],[-122.357426,47.679561],[-122.35742,47.680734],[-122.357416,47.681799],[-122.357982,47.681798],[-122.357979,47.682547],[-122.357977,47.683281],[-122.357977,47.684011],[-122.357976,47.684741],[-122.357976,47.685472],[-122.357977,47.686203],[-122.357975,47.686939],[-122.357975,47.687663],[-122.357977,47.688386],[-122.357978,47.68911],[-122.357979,47.689834],[-122.357983,47.690609],[-122.358002,47.692432],[-122.357386,47.692428]]]}},{"type":"Feature","properties":{"STATEFP10":"53","ZCTA5CE10":"98121","GEOID10":"5398121","CLASSFP10":"B5","MTFCC10":"G6350","FUNCSTAT10":"S","ALAND10":1141212,"AWATER10":546001,"INTPTLAT10":"+47.6151915","INTPTLON10":"-122.3505805","PARTFLG10":"N"},"geometry":{"type":"Polygon","coordinates":[[[-122.359324,47.618585],[-122.358479,47.618615],[-122.35848,47.618616],[-122.35875,47.618818],[-122.357363,47.618608],[-122.356758,47.618605],[-122.355455,47.6186],[-122.355179,47.618444],[-122.354933,47.618305],[-122.354155,47.617868],[-122.353833,47.617698],[-122.353193,47.618193],[-122.353012,47.618333],[-122.352841,47.61859],[-122.351362,47.618585],[-122.350357,47.61858],[-122.348924,47.618574],[-122.348606,47.618574],[-122.347674,47.618575],[-122.347577,47.618575],[-122.347283,47.618575],[-122.346318,47.618564],[-122.345368,47.618561],[-122.345008,47.618559],[-122.343777,47.618554],[-122.343668,47.618554],[-122.34358,47.618553],[-122.343477,47.618553],[-122.342404,47.618548],[-122.341374,47.618545],[-122.339888,47.618539],[-122.339378,47.618536],[-122.338597,47.618533],[-122.338486,47.618532],[-122.337214,47.61853],[-122.336302,47.618532],[-122.335878,47.618522],[-122.335322,47.61852],[-122.335147,47.61853],[-122.334304,47.618529],[-122.334313,47.617887],[-122.334327,47.617519],[-122.334346,47.617464],[-122.334728,47.617165],[-122.334879,47.617048],[-122.335737,47.616384],[-122.336597,47.615719],[-122.337456,47.615055],[-122.337839,47.615282],[-122.337746,47.61483],[-122.338316,47.61439],[-122.339159,47.613734],[-122.339225,47.613684],[-122.340035,47.613061],[-122.340091,47.613017],[-122.340894,47.612396],[-122.341754,47.611731],[-122.342614,47.611066],[-122.343051,47.610735],[-122.343474,47.610402],[-122.343664,47.61035],[-122.344114,47.609999],[-122.344305,47.610116],[-122.344862,47.610447],[-122.345025,47.610544],[-122.345326,47.610741],[-122.345425,47.610662],[-122.345464,47.610631],[-122.345626,47.610503],[-122.345676,47.610465],[-122.346302,47.609992],[-122.344995,47.609229],[-122.344834,47.609133],[-122.344998,47.609114],[-122.346329,47.60912],[-122.351255,47.60901],[-122.351354,47.609061],[-122.354527,47.61072],[-122.358229,47.612657],[-122.36161,47.614426],[-122.36229,47.614782],[-122.369576,47.618593],[-122.369903,47.618764],[-122.360738,47.61872],[-122.361921,47.619637],[-122.361396,47.619766],[-122.359864,47.618585],[-122.359537,47.618585],[-122.35944,47.618585],[-122.359324,47.618585]]]}},{"type":"Feature","properties":{"STATEFP10":"53","ZCTA5CE10":"98154","GEOID10":"5398154","CLASSFP10":"B5","MTFCC10":"G6350","FUNCSTAT10":"S","ALAND10":9147,"AWATER10":0,"INTPTLAT10":"+47.6062106","INTPTLON10":"-122.3337924","PARTFLG10":"N"},"geometry":{"type":"Polygon","coordinates":[[[-122.333928,47.605661],[-122.334021,47.605622],[-122.334674,47.606336],[-122.334581,47.606374],[-122.333564,47.606799],[-122.332911,47.606086],[-122.333928,47.605661]]]}},{"type":"Feature","properties":{"STATEFP10":"53","ZCTA5CE10":"98174","GEOID10":"5398174","CLASSFP10":"B5","MTFCC10":"G6350","FUNCSTAT10":"S","ALAND10":9145,"AWATER10":0,"INTPTLAT10":"+47.6045690","INTPTLON10":"-122.3353595","PARTFLG10":"N"},"geometry":{"type":"Polygon","coordinates":[[[-122.334479,47.604445],[-122.335588,47.60398],[-122.33624,47.604693],[-122.335131,47.605158],[-122.334479,47.604445]]]}},{"type":"Feature","properties":{"STATEFP10":"53","ZCTA5CE10":"98166","GEOID10":"5398166","CLASSFP10":"B5","MTFCC10":"G6350","FUNCSTAT10":"S","ALAND10":14685852,"AWATER10":4037490,"INTPTLAT10":"+47.4515760","INTPTLON10":"-122.3529856","PARTFLG10":"N"},"geometry":{"type":"MultiPolygon","coordinates":[[[[-122.337648,47.45486],[-122.337606,47.454956],[-122.337571,47.45501],[-122.337479,47.455108],[-122.337361,47.455194],[-122.337227,47.455257],[-122.337124,47.455297],[-122.337017,47.455333],[-122.336865,47.455372],[-122.336678,47.455407],[-122.336561,47.455421],[-122.336353,47.455432],[-122.335453,47.45542],[-122.333957,47.45541],[-122.333908,47.45541],[-122.333909,47.454751],[-122.33391,47.454701],[-122.33392,47.454215],[-122.333924,47.453808],[-122.336422,47.45381],[-122.337217,47.453811],[-122.337399,47.453816],[-122.337452,47.453827],[-122.337546,47.453865],[-122.337614,47.453912],[-122.337645,47.453943],[-122.337674,47.453985],[-122.337696,47.454054],[-122.337648,47.45486]]],[[[-122.336918,47.462392],[-122.336832,47.462311],[-122.336739,47.462223],[-122.33598,47.461505],[-122.334609,47.461506],[-122.334598,47.4602],[-122.33433,47.459947],[-122.334144,47.459805],[-122.333943,47.459679],[-122.333906,47.457853],[-122.333884,47.457409],[-122.333883,47.457339],[-122.336466,47.457339],[-122.336457,47.456353],[-122.336446,47.456099],[-122.337599,47.456091],[-122.339312,47.45608],[-122.339313,47.456002],[-122.339343,47.45483],[-122.339371,47.453738],[-122.339392,47.452923],[-122.338731,47.45289],[-122.338,47.452854],[-122.337938,47.452286],[-122.339232,47.451403],[-122.339843,47.451408],[-122.339458,47.450304],[-122.338752,47.44956],[-122.338449,47.449654],[-122.337426,47.44994],[-122.33728,47.449963],[-122.33713,47.449966],[-122.336983,47.449948],[-122.3369,47.449927],[-122.336632,47.449808],[-122.336609,47.449793],[-122.336548,47.449758],[-122.336482,47.449728],[-122.336421,47.449707],[-122.336282,47.449677],[-122.336214,47.449671],[-122.334781,47.449673],[-122.334008,47.449691],[-122.33392,47.449684],[-122.333968,47.448607],[-122.333964,47.447493],[-122.333964,47.44745],[-122.333961,47.445243],[-122.335105,47.445221],[-122.336205,47.445204],[-122.336769,47.445171],[-122.337287,47.445141],[-122.33748,47.445135],[-122.337867,47.445124],[-122.338065,47.445092],[-122.338254,47.445042],[-122.33831,47.445024],[-122.338343,47.44501],[-122.339455,47.444531],[-122.338863,47.443879],[-122.338099,47.444207],[-122.337938,47.444264],[-122.337844,47.444288],[-122.337747,47.444306],[-122.337648,47.444319],[-122.337548,47.444326],[-122.337447,47.444328],[-122.33684,47.444284],[-122.336238,47.444277],[-122.334082,47.444209],[-122.334172,47.443539],[-122.334185,47.44344],[-122.33442,47.441644],[-122.335901,47.441224],[-122.337733,47.440676],[-122.338368,47.440469],[-122.338691,47.440339],[-122.339339,47.440119],[-122.339399,47.440026],[-122.339461,47.439972],[-122.339529,47.439935],[-122.339962,47.439735],[-122.340007,47.439702],[-122.340053,47.43966],[-122.340117,47.439574],[-122.340145,47.43949],[-122.340158,47.439429],[-122.340199,47.43908],[-122.3403,47.438178],[-122.339086,47.438176],[-122.337725,47.438185],[-122.33776,47.437752],[-122.337743,47.4377],[-122.337672,47.437667],[-122.334962,47.43767],[-122.335117,47.436463],[-122.335133,47.436351],[-122.33519,47.435938],[-122.335244,47.435555],[-122.335317,47.434926],[-122.335347,47.434673],[-122.335447,47.434146],[-122.335473,47.433977],[-122.335509,47.433708],[-122.335626,47.432751],[-122.335788,47.431552],[-122.335804,47.431269],[-122.335804,47.431133],[-122.3358,47.431062],[-122.33579,47.430897],[-122.335622,47.42863],[-122.335594,47.428234],[-122.335579,47.428026],[-122.335563,47.427799],[-122.335633,47.427798],[-122.335706,47.427796],[-122.335774,47.427792],[-122.335852,47.427784],[-122.335926,47.427785],[-122.335993,47.427781],[-122.336034,47.427781],[-122.336065,47.427782],[-122.336143,47.427787],[-122.336227,47.427774],[-122.336308,47.427771],[-122.336381,47.427773],[-122.336449,47.427779],[-122.336467,47.427691],[-122.336478,47.427636],[-122.336461,47.427586],[-122.336451,47.427541],[-122.33644,47.427492],[-122.336429,47.427419],[-122.336428,47.42737],[-122.33644,47.427325],[-122.336438,47.427313],[-122.336723,47.427311],[-122.337134,47.427308],[-122.337105,47.427061],[-122.337052,47.427041],[-122.33703,47.426998],[-122.337052,47.426956],[-122.337091,47.426941],[-122.33684,47.426332],[-122.336287,47.426335],[-122.335455,47.42634],[-122.335392,47.425603],[-122.335367,47.425318],[-122.335361,47.425258],[-122.340575,47.425198],[-122.340565,47.424948],[-122.340558,47.424799],[-122.340496,47.424221],[-122.340484,47.424117],[-122.340473,47.423963],[-122.340421,47.423197],[-122.339681,47.423207],[-122.33845,47.423225],[-122.338265,47.423228],[-122.337762,47.423238],[-122.336578,47.423261],[-122.335212,47.423273],[-122.335204,47.423094],[-122.335239,47.421508],[-122.33525,47.421088],[-122.335253,47.420953],[-122.335262,47.42046],[-122.335268,47.420183],[-122.335268,47.419823],[-122.335268,47.419179],[-122.33527,47.418727],[-122.335271,47.418578],[-122.335274,47.417363],[-122.335283,47.416593],[-122.335252,47.416043],[-122.335197,47.415579],[-122.334809,47.413425],[-122.334682,47.412731],[-122.334581,47.412167],[-122.33447,47.411579],[-122.334412,47.411416],[-122.334349,47.411297],[-122.334215,47.411111],[-122.3341,47.410991],[-122.334032,47.410933],[-122.333608,47.410644],[-122.333522,47.410574],[-122.333443,47.410499],[-122.333373,47.410421],[-122.33331,47.41034],[-122.333255,47.410256],[-122.333209,47.41017],[-122.33315,47.410015],[-122.333129,47.409919],[-122.333863,47.410077],[-122.336503,47.409164],[-122.335234,47.408421],[-122.343594,47.408505],[-122.347435,47.410684],[-122.351294,47.413209],[-122.35255,47.41581],[-122.35341,47.417589],[-122.353887,47.419385],[-122.35453,47.421801],[-122.354821,47.422944],[-122.355754,47.426612],[-122.355773,47.426685],[-122.35643,47.430235],[-122.356627,47.431307],[-122.356893,47.432749],[-122.358139,47.437718],[-122.359294,47.438782],[-122.360702,47.440079],[-122.361088,47.440267],[-122.368209,47.443738],[-122.377084,47.445258],[-122.37846,47.445494],[-122.38315,47.446349],[-122.38651,47.447865],[-122.387382,47.451739],[-122.38587,47.453077],[-122.384145,47.454603],[-122.378823,47.457317],[-122.3737,47.4598],[-122.372786,47.460244],[-122.373408,47.463275],[-122.373266,47.46473],[-122.373159,47.465802],[-122.374156,47.468413],[-122.373686,47.469893],[-122.373035,47.471951],[-122.370916,47.475319],[-122.370356,47.476114],[-122.368647,47.478547],[-122.366704,47.481109],[-122.361531,47.481108],[-122.361478,47.481112],[-122.35967,47.48112],[-122.356992,47.481101],[-122.356946,47.481116],[-122.356965,47.481102],[-122.355305,47.48111],[-122.353914,47.481118],[-122.349634,47.481142],[-122.349448,47.481149],[-122.349056,47.481157],[-122.348281,47.481163],[-122.348182,47.481164],[-122.347387,47.481164],[-122.346832,47.481175],[-122.34507,47.481188],[-122.344514,47.481193],[-122.34184,47.481214],[-122.340504,47.481225],[-122.339171,47.481236],[-122.337914,47.481246],[-122.337454,47.481249],[-122.336497,47.481257],[-122.335173,47.481267],[-122.334519,47.481273],[-122.333825,47.481278],[-122.333826,47.479478],[-122.335173,47.479469],[-122.335173,47.477678],[-122.333879,47.477687],[-122.333828,47.477687],[-122.333833,47.476303],[-122.333897,47.476302],[-122.334643,47.476298],[-122.334642,47.476242],[-122.334637,47.476194],[-122.334636,47.476149],[-122.334628,47.476102],[-122.334625,47.476053],[-122.334629,47.475996],[-122.334639,47.475951],[-122.334645,47.475904],[-122.334645,47.475828],[-122.334642,47.475774],[-122.334646,47.475721],[-122.334651,47.475668],[-122.334651,47.475593],[-122.334656,47.475536],[-122.334656,47.475485],[-122.334653,47.475434],[-122.334649,47.475389],[-122.334643,47.475327],[-122.334641,47.475277],[-122.33464,47.475222],[-122.334645,47.475174],[-122.334653,47.475129],[-122.334655,47.475084],[-122.334634,47.475004],[-122.334634,47.474958],[-122.334636,47.474902],[-122.334636,47.474846],[-122.33464,47.474775],[-122.334637,47.474725],[-122.334632,47.474671],[-122.334632,47.474624],[-122.334629,47.474544],[-122.334631,47.474495],[-122.334635,47.474448],[-122.334639,47.474397],[-122.33464,47.474349],[-122.334642,47.474302],[-122.334644,47.474245],[-122.334645,47.474199],[-122.334652,47.474121],[-122.333934,47.474124],[-122.333843,47.474125],[-122.333854,47.472294],[-122.333865,47.470493],[-122.333869,47.46869],[-122.333871,47.466892],[-122.333882,47.465993],[-122.333886,47.46562],[-122.333892,47.465098],[-122.333903,47.464208],[-122.333914,47.463281],[-122.333921,47.462393],[-122.336918,47.462392]]]]}},{"type":"Feature","properties":{"STATEFP10":"53","ZCTA5CE10":"98155","GEOID10":"5398155","CLASSFP10":"B5","MTFCC10":"G6350","FUNCSTAT10":"S","ALAND10":19604378,"AWATER10":1713431,"INTPTLAT10":"+47.7544130","INTPTLON10":"-122.3004769","PARTFLG10":"N"},"geometry":{"type":"Polygon","coordinates":[[[-122.304984,47.777491],[-122.304213,47.777484],[-122.303218,47.777475],[-122.303008,47.777473],[-122.302979,47.777473],[-122.301943,47.777463],[-122.301763,47.777461],[-122.301761,47.777461],[-122.301552,47.777459],[-122.30155,47.777458],[-122.301482,47.777458],[-122.301363,47.777456],[-122.301362,47.777456],[-122.301301,47.777456],[-122.301298,47.777456],[-122.301297,47.777455],[-122.299742,47.777441],[-122.299565,47.777439],[-122.299564,47.777438],[-122.29956,47.777438],[-122.299384,47.777437],[-122.299383,47.777437],[-122.299337,47.777437],[-122.299159,47.777435],[-122.299156,47.777435],[-122.299155,47.777434],[-122.298211,47.777426],[-122.298118,47.777425],[-122.298031,47.777424],[-122.297594,47.77742],[-122.296215,47.777408],[-122.296037,47.777406],[-122.29592,47.777404],[-122.295755,47.777403],[-122.295754,47.777402],[-122.293906,47.777387],[-122.293785,47.777385],[-122.293675,47.777385],[-122.292492,47.777374],[-122.292336,47.777373],[-122.292335,47.777372],[-122.292228,47.777371],[-122.291764,47.777367],[-122.291634,47.777366],[-122.291039,47.777367],[-122.290932,47.777367],[-122.29052,47.777359],[-122.290359,47.777359],[-122.290092,47.777328],[-122.290067,47.777322],[-122.289954,47.777301],[-122.289825,47.777294],[-122.288475,47.777233],[-122.288105,47.777237],[-122.288072,47.777235],[-122.287996,47.77723],[-122.28762,47.777205],[-122.287618,47.777212],[-122.287584,47.777224],[-122.287584,47.777225],[-122.287583,47.777225],[-122.287571,47.777231],[-122.287547,47.777234],[-122.287509,47.77724],[-122.287388,47.77724],[-122.287387,47.77724],[-122.287386,47.77724],[-122.287159,47.777242],[-122.28704,47.777242],[-122.287039,47.777242],[-122.286861,47.777244],[-122.28686,47.777243],[-122.286859,47.777242],[-122.286453,47.777241],[-122.284332,47.777263],[-122.284248,47.777271],[-122.28381,47.777277],[-122.281806,47.77727],[-122.281698,47.777267],[-122.279854,47.777019],[-122.27979,47.777019],[-122.279601,47.777019],[-122.279538,47.777019],[-122.27935,47.777019],[-122.278787,47.777019],[-122.2786,47.777019],[-122.278563,47.777019],[-122.278367,47.777019],[-122.27767,47.777019],[-122.277438,47.777019],[-122.277371,47.777019],[-122.277172,47.777019],[-122.277106,47.777019],[-122.273805,47.777019],[-122.270964,47.777019],[-122.270957,47.777019],[-122.270772,47.776877],[-122.270663,47.776772],[-122.270549,47.776639],[-122.270458,47.776495],[-122.270396,47.776348],[-122.270286,47.776033],[-122.270272,47.775992],[-122.270192,47.775758],[-122.270079,47.775445],[-122.269976,47.775183],[-122.269855,47.774908],[-122.269662,47.774473],[-122.269613,47.774358],[-122.269562,47.774244],[-122.269507,47.774084],[-122.269469,47.773949],[-122.269446,47.773725],[-122.269449,47.77348],[-122.269471,47.77318],[-122.269478,47.773111],[-122.269492,47.772945],[-122.269513,47.772709],[-122.269519,47.772648],[-122.26955,47.772281],[-122.269564,47.772124],[-122.269586,47.77188],[-122.269617,47.771559],[-122.269622,47.771514],[-122.269669,47.770996],[-122.269672,47.770961],[-122.269676,47.770919],[-122.269713,47.770482],[-122.269717,47.770248],[-122.269691,47.770065],[-122.269665,47.769952],[-122.269621,47.769821],[-122.269539,47.769641],[-122.269451,47.769496],[-122.269394,47.769417],[-122.269315,47.769326],[-122.269172,47.769192],[-122.269083,47.76912],[-122.268914,47.769005],[-122.26878,47.768925],[-122.268629,47.768846],[-122.268478,47.768777],[-122.268182,47.76866],[-122.26805,47.768615],[-122.267871,47.768568],[-122.267564,47.768517],[-122.267495,47.768509],[-122.26852,47.768515],[-122.270517,47.768551],[-122.270503,47.766508],[-122.270501,47.766225],[-122.270499,47.765783],[-122.270496,47.76534],[-122.270487,47.764022],[-122.270479,47.762746],[-122.270478,47.762646],[-122.270472,47.761726],[-122.269959,47.761596],[-122.270032,47.761532],[-122.269625,47.761397],[-122.269537,47.761368],[-122.269411,47.761128],[-122.270225,47.760937],[-122.270297,47.761189],[-122.270493,47.761161],[-122.270526,47.76055],[-122.27055,47.760115],[-122.270594,47.759319],[-122.27065,47.758312],[-122.270711,47.757097],[-122.270734,47.756709],[-122.27064,47.756771],[-122.27053,47.756843],[-122.270424,47.756905],[-122.270241,47.756997],[-122.270047,47.757082],[-122.269861,47.757153],[-122.269768,47.757187],[-122.269593,47.757241],[-122.269441,47.757281],[-122.269275,47.757316],[-122.26908,47.75735],[-122.268682,47.756547],[-122.268346,47.755724],[-122.268192,47.755348],[-122.26699,47.752125],[-122.268808,47.750475],[-122.26908,47.750227],[-122.269637,47.74972],[-122.271018,47.748339],[-122.272037,47.74732],[-122.274137,47.74502],[-122.276137,47.73972],[-122.273537,47.73702],[-122.269937,47.73412],[-122.269858,47.733729],[-122.269808,47.733477],[-122.281953,47.73361],[-122.283533,47.733612],[-122.284471,47.733648],[-122.284606,47.73365],[-122.284796,47.733656],[-122.284882,47.733659],[-122.284887,47.733659],[-122.285799,47.733683],[-122.285869,47.73372],[-122.285957,47.733732],[-122.286382,47.733728],[-122.286711,47.733724],[-122.28705,47.733721],[-122.288429,47.733729],[-122.289753,47.733732],[-122.291098,47.73374],[-122.292435,47.733751],[-122.29381,47.733762],[-122.294692,47.733769],[-122.295163,47.733773],[-122.295306,47.733774],[-122.29652,47.733784],[-122.297877,47.733795],[-122.29923,47.733806],[-122.300586,47.733817],[-122.301955,47.733828],[-122.303599,47.733846],[-122.304574,47.733856],[-122.304844,47.73386],[-122.305994,47.733874],[-122.306171,47.733876],[-122.307326,47.733889],[-122.308045,47.733896],[-122.308696,47.733904],[-122.310048,47.733919],[-122.31275,47.73395],[-122.315443,47.733975],[-122.31676,47.733988],[-122.318117,47.734001],[-122.320801,47.734026],[-122.322219,47.734039],[-122.323589,47.734052],[-122.324457,47.734059],[-122.324523,47.73406],[-122.324734,47.734061],[-122.324982,47.734063],[-122.325246,47.734065],[-122.32532,47.734062],[-122.325547,47.734064],[-122.325655,47.734069],[-122.326007,47.734071],[-122.326382,47.734074],[-122.328881,47.734093],[-122.32891,47.734986],[-122.328924,47.735417],[-122.328949,47.736369],[-122.32898,47.737294],[-122.329049,47.739856],[-122.329088,47.739987],[-122.32914,47.740099],[-122.329229,47.740227],[-122.329585,47.740613],[-122.32975,47.74082],[-122.329836,47.740987],[-122.329883,47.741142],[-122.329897,47.741379],[-122.329253,47.741372],[-122.328966,47.741367],[-122.329201,47.74177],[-122.329359,47.742073],[-122.329389,47.742149],[-122.329463,47.742337],[-122.329513,47.742464],[-122.32962,47.742841],[-122.329705,47.743234],[-122.329759,47.743703],[-122.329755,47.744157],[-122.329725,47.744468],[-122.329665,47.744778],[-122.329081,47.74695],[-122.32902,47.747176],[-122.328967,47.747373],[-122.32892,47.74762],[-122.328879,47.747832],[-122.328878,47.747846],[-122.328855,47.748145],[-122.328857,47.748474],[-122.328864,47.748572],[-122.328882,47.748805],[-122.328908,47.749036],[-122.328921,47.749153],[-122.329088,47.749736],[-122.32919,47.750008],[-122.329386,47.750468],[-122.329601,47.750972],[-122.329728,47.751325],[-122.329844,47.751678],[-122.329969,47.752123],[-122.330023,47.752471],[-122.33005,47.752715],[-122.33006,47.752807],[-122.330411,47.753166],[-122.330472,47.753229],[-122.330546,47.753294],[-122.330565,47.7535],[-122.330556,47.754061],[-122.330556,47.754418],[-122.330556,47.754482],[-122.330537,47.754705],[-122.330507,47.754971],[-122.330458,47.755212],[-122.330396,47.755453],[-122.330306,47.755724],[-122.330203,47.755938],[-122.330106,47.756141],[-122.329983,47.756375],[-122.3298,47.756644],[-122.329765,47.756689],[-122.329987,47.757332],[-122.329497,47.757752],[-122.329518,47.758681],[-122.329539,47.75959],[-122.33009,47.759594],[-122.330405,47.760214],[-122.330342,47.76255],[-122.330248,47.763252],[-122.329634,47.76325],[-122.32967,47.764969],[-122.329685,47.765674],[-122.329696,47.766216],[-122.329708,47.766849],[-122.32972,47.767369],[-122.329737,47.768202],[-122.329759,47.769093],[-122.329778,47.769945],[-122.329789,47.770452],[-122.32983,47.77248],[-122.32987,47.774445],[-122.3299,47.775888],[-122.329909,47.776011],[-122.329936,47.777506],[-122.329939,47.77762],[-122.328329,47.777595],[-122.327629,47.777632],[-122.327334,47.77765],[-122.327304,47.777652],[-122.326845,47.777679],[-122.326606,47.777682],[-122.326597,47.777682],[-122.326539,47.777683],[-122.326538,47.777683],[-122.326276,47.777687],[-122.324704,47.777665],[-122.324635,47.777664],[-122.324554,47.777663],[-122.323087,47.777653],[-122.3223,47.777648],[-122.322298,47.777647],[-122.322296,47.777646],[-122.321848,47.777645],[-122.321404,47.777642],[-122.320894,47.777639],[-122.320404,47.777636],[-122.3197,47.777632],[-122.319668,47.777632],[-122.319504,47.77763],[-122.319437,47.77763],[-122.319415,47.77763],[-122.319326,47.77763],[-122.318791,47.777627],[-122.318646,47.777625],[-122.318567,47.777625],[-122.318433,47.777624],[-122.318432,47.777623],[-122.318259,47.777623],[-122.318142,47.777623],[-122.318091,47.777623],[-122.318005,47.777622],[-122.317809,47.777621],[-122.317652,47.777618],[-122.317591,47.777619],[-122.317463,47.777618],[-122.317313,47.777617],[-122.317099,47.777616],[-122.316887,47.777616],[-122.316805,47.777616],[-122.316691,47.777616],[-122.316493,47.777616],[-122.315791,47.777616],[-122.315681,47.777616],[-122.315248,47.777619],[-122.315091,47.77761],[-122.314881,47.777599],[-122.314763,47.777582],[-122.314487,47.777542],[-122.31409,47.777449],[-122.313861,47.777376],[-122.313816,47.777362],[-122.313721,47.777332],[-122.313718,47.777351],[-122.313679,47.77743],[-122.313629,47.77748],[-122.313542,47.777535],[-122.313422,47.77757],[-122.313328,47.777569],[-122.313144,47.777567],[-122.313136,47.777567],[-122.31313,47.777566],[-122.312999,47.777565],[-122.312672,47.777561],[-122.312653,47.77756],[-122.312328,47.777559],[-122.312288,47.777558],[-122.312287,47.777557],[-122.311921,47.777557],[-122.311905,47.777556],[-122.311556,47.777552],[-122.311555,47.777551],[-122.310928,47.777546],[-122.31071,47.777544],[-122.310706,47.777543],[-122.310477,47.777543],[-122.310476,47.777543],[-122.309828,47.777543],[-122.309558,47.777543],[-122.309551,47.777542],[-122.309287,47.77754],[-122.309228,47.77754],[-122.309037,47.777539],[-122.308965,47.777538],[-122.308835,47.777535],[-122.308359,47.777533],[-122.308105,47.777527],[-122.307951,47.777523],[-122.307582,47.777514],[-122.3067,47.777506],[-122.306332,47.777503],[-122.305666,47.777497],[-122.305231,47.777492],[-122.30523,47.777492],[-122.305229,47.777492],[-122.305124,47.777492],[-122.304984,47.777491]]]}},{"type":"Feature","properties":{"STATEFP10":"53","ZCTA5CE10":"98106","GEOID10":"5398106","CLASSFP10":"B5","MTFCC10":"G6350","FUNCSTAT10":"S","ALAND10":14236532,"AWATER10":841740,"INTPTLAT10":"+47.5440342","INTPTLON10":"-122.3498743","PARTFLG10":"N"},"geometry":{"type":"Polygon","coordinates":[[[-122.363188,47.513689],[-122.363663,47.513688],[-122.364531,47.513686],[-122.365875,47.513703],[-122.365879,47.514095],[-122.367216,47.513916],[-122.367695,47.517381],[-122.36728,47.517377],[-122.365915,47.517361],[-122.365905,47.519191],[-122.365875,47.521021],[-122.365858,47.521241],[-122.365849,47.521692],[-122.365402,47.521692],[-122.365382,47.522885],[-122.365167,47.522882],[-122.365182,47.523487],[-122.365108,47.5235],[-122.364535,47.523501],[-122.364529,47.524682],[-122.365878,47.524679],[-122.366409,47.524677],[-122.367338,47.524675],[-122.368656,47.524671],[-122.369914,47.524668],[-122.369908,47.526475],[-122.371254,47.526473],[-122.371248,47.528281],[-122.369901,47.528281],[-122.368553,47.52828],[-122.367206,47.528279],[-122.367197,47.530081],[-122.367189,47.531883],[-122.36584,47.531879],[-122.365832,47.532564],[-122.365824,47.533222],[-122.365818,47.533701],[-122.364157,47.533697],[-122.364187,47.534707],[-122.364578,47.534707],[-122.364581,47.535193],[-122.364477,47.535193],[-122.364475,47.535521],[-122.365865,47.535527],[-122.365866,47.535528],[-122.366318,47.535526],[-122.366458,47.535527],[-122.366444,47.536111],[-122.36646,47.536737],[-122.366614,47.536795],[-122.366737,47.536851],[-122.366803,47.536887],[-122.36686,47.53691],[-122.367107,47.536949],[-122.36711,47.537077],[-122.367234,47.537261],[-122.367248,47.537369],[-122.367247,47.537667],[-122.36727,47.537769],[-122.367037,47.537884],[-122.366808,47.537989],[-122.366657,47.538225],[-122.366644,47.538303],[-122.366664,47.538369],[-122.366703,47.53848],[-122.366969,47.539158],[-122.367667,47.539166],[-122.36769,47.539219],[-122.367781,47.539423],[-122.367835,47.539544],[-122.36797,47.539636],[-122.368007,47.539714],[-122.368025,47.539716],[-122.368158,47.539718],[-122.368278,47.539718],[-122.368397,47.539714],[-122.368466,47.539711],[-122.368542,47.539712],[-122.368626,47.53972],[-122.368696,47.539732],[-122.368763,47.539748],[-122.368828,47.539773],[-122.368883,47.539807],[-122.368918,47.539847],[-122.368937,47.539894],[-122.368969,47.539979],[-122.368983,47.540056],[-122.368971,47.540131],[-122.368957,47.540193],[-122.36895,47.540242],[-122.368939,47.540299],[-122.368921,47.540387],[-122.368716,47.540321],[-122.368281,47.540227],[-122.368062,47.540198],[-122.367879,47.540185],[-122.366731,47.540161],[-122.366482,47.540145],[-122.366321,47.54012],[-122.36615,47.540076],[-122.365998,47.540021],[-122.36573,47.539878],[-122.365647,47.545139],[-122.36562,47.545534],[-122.365616,47.545967],[-122.365589,47.546495],[-122.365598,47.546735],[-122.365588,47.547005],[-122.365592,47.548158],[-122.365581,47.55001],[-122.368478,47.550017],[-122.368439,47.550888],[-122.368431,47.551896],[-122.36842,47.553783],[-122.36963,47.553783],[-122.370725,47.553782],[-122.370804,47.553776],[-122.370854,47.553763],[-122.37089,47.553738],[-122.372306,47.553727],[-122.372336,47.553737],[-122.372405,47.553744],[-122.372455,47.553735],[-122.372487,47.553704],[-122.374377,47.553813],[-122.374821,47.553826],[-122.374886,47.553824],[-122.374942,47.553805],[-122.374973,47.553753],[-122.375018,47.553776],[-122.375142,47.553776],[-122.375127,47.553815],[-122.375138,47.553936],[-122.375179,47.554067],[-122.375326,47.554375],[-122.37534,47.554468],[-122.375369,47.555594],[-122.37541,47.557198],[-122.375331,47.557599],[-122.375357,47.557741],[-122.375474,47.557923],[-122.37567,47.558078],[-122.376238,47.558655],[-122.376234,47.559275],[-122.376218,47.561064],[-122.376204,47.562033],[-122.376049,47.562045],[-122.37587,47.562022],[-122.37566,47.561974],[-122.375477,47.561943],[-122.375175,47.56191],[-122.374908,47.561894],[-122.374705,47.561904],[-122.374502,47.561923],[-122.374242,47.56197],[-122.373332,47.562186],[-122.3732,47.562239],[-122.37312,47.562319],[-122.373079,47.562383],[-122.373049,47.562473],[-122.373009,47.562539],[-122.372939,47.562584],[-122.37281,47.56265],[-122.37268,47.562731],[-122.372576,47.562827],[-122.372455,47.562982],[-122.372375,47.563104],[-122.372311,47.563242],[-122.372268,47.563383],[-122.372259,47.563549],[-122.372247,47.563759],[-122.372187,47.563979],[-122.371966,47.564697],[-122.370809,47.564712],[-122.367285,47.56472],[-122.366189,47.564722],[-122.365945,47.564723],[-122.365461,47.564724],[-122.365474,47.565448],[-122.365463,47.566171],[-122.365458,47.566533],[-122.365452,47.566895],[-122.365442,47.567533],[-122.36544,47.567619],[-122.365431,47.568343],[-122.364429,47.568344],[-122.364358,47.569634],[-122.364325,47.569766],[-122.364235,47.569877],[-122.364104,47.569964],[-122.36388,47.570049],[-122.363652,47.570119],[-122.363405,47.570171],[-122.363192,47.570195],[-122.362795,47.570187],[-122.36225,47.57016],[-122.362235,47.570783],[-122.362268,47.570847],[-122.362278,47.571249],[-122.362176,47.571336],[-122.362155,47.571384],[-122.362121,47.57142],[-122.362577,47.571403],[-122.3649,47.571413],[-122.364901,47.571482],[-122.364905,47.571585],[-122.364953,47.571585],[-122.365523,47.571645],[-122.366138,47.571697],[-122.366283,47.571703],[-122.366519,47.571699],[-122.367163,47.5717],[-122.367518,47.571708],[-122.367857,47.571708],[-122.368168,47.571716],[-122.369581,47.571727],[-122.370705,47.57175],[-122.370972,47.574627],[-122.371458,47.576811],[-122.37154,47.577015],[-122.372517,47.578693],[-122.372576,47.578822],[-122.372606,47.578955],[-122.372607,47.57909],[-122.372489,47.580227],[-122.372872,47.581296],[-122.372725,47.581319],[-122.371069,47.581584],[-122.370916,47.581608],[-122.369671,47.581808],[-122.367605,47.582138],[-122.365782,47.582142],[-122.364182,47.58217],[-122.362426,47.582224],[-122.36204,47.582227],[-122.362073,47.58258],[-122.361903,47.582708],[-122.361908,47.583109],[-122.361759,47.583155],[-122.361422,47.5833],[-122.361495,47.583795],[-122.36149,47.584584],[-122.359978,47.584699],[-122.359612,47.574771],[-122.359368,47.574649],[-122.358208,47.574466],[-122.357751,47.574182],[-122.357559,47.574063],[-122.35784,47.573602],[-122.357044,47.573027],[-122.356743,47.572864],[-122.356459,47.572854],[-122.356128,47.57259],[-122.356295,47.572472],[-122.355978,47.572267],[-122.356023,47.572224],[-122.355303,47.571831],[-122.355292,47.571912],[-122.355074,47.571801],[-122.355044,47.571774],[-122.355002,47.571738],[-122.354727,47.571592],[-122.354431,47.571377],[-122.353714,47.571377],[-122.352886,47.571377],[-122.352689,47.571379],[-122.35239,47.571205],[-122.352205,47.57108],[-122.352013,47.57095],[-122.35171,47.570745],[-122.351427,47.5707],[-122.351429,47.570516],[-122.351371,47.570484],[-122.3513,47.570459],[-122.351159,47.570458],[-122.351052,47.570506],[-122.350944,47.570577],[-122.350802,47.5706],[-122.350579,47.570535],[-122.350367,47.570438],[-122.350157,47.570245],[-122.349325,47.569705],[-122.349297,47.56969],[-122.349042,47.569547],[-122.348809,47.569418],[-122.34881,47.569346],[-122.348408,47.569328],[-122.347737,47.569212],[-122.346709,47.56923],[-122.346472,47.569277],[-122.346216,47.569887],[-122.346082,47.570222],[-122.346032,47.570453],[-122.346172,47.570606],[-122.346272,47.570744],[-122.346288,47.570766],[-122.34627,47.570806],[-122.346232,47.570888],[-122.346195,47.570971],[-122.345306,47.571061],[-122.345055,47.571087],[-122.345108,47.570952],[-122.34516,47.570816],[-122.345195,47.570738],[-122.345746,47.569295],[-122.346548,47.56722],[-122.346671,47.566903],[-122.346796,47.566647],[-122.347438,47.565328],[-122.347428,47.565224],[-122.347365,47.564493],[-122.347323,47.564014],[-122.347237,47.56302],[-122.345351,47.560169],[-122.342737,47.55622],[-122.340587,47.551218],[-122.338562,47.546516],[-122.338436,47.546222],[-122.337801,47.545661],[-122.337517,47.54541],[-122.335329,47.543215],[-122.335207,47.543092],[-122.334942,47.542826],[-122.335074,47.542687],[-122.33554,47.542196],[-122.33626,47.542129],[-122.336214,47.541405],[-122.337104,47.540688],[-122.337091,47.539772],[-122.336255,47.539658],[-122.335962,47.539601],[-122.335746,47.539536],[-122.335541,47.539455],[-122.335422,47.539397],[-122.335229,47.539288],[-122.335081,47.539185],[-122.335052,47.538854],[-122.335047,47.538796],[-122.334955,47.537723],[-122.334836,47.536447],[-122.334795,47.536019],[-122.33477,47.535745],[-122.334748,47.534978],[-122.334707,47.534567],[-122.334699,47.534407],[-122.334689,47.534222],[-122.334717,47.532477],[-122.334752,47.531735],[-122.334762,47.530958],[-122.334726,47.530461],[-122.334698,47.530153],[-122.334624,47.529718],[-122.334542,47.529379],[-122.334434,47.529013],[-122.334122,47.528167],[-122.333984,47.527705],[-122.333865,47.527244],[-122.333845,47.527165],[-122.333742,47.526661],[-122.333963,47.526554],[-122.334186,47.526403],[-122.334407,47.526233],[-122.334553,47.52606],[-122.334649,47.52591],[-122.334727,47.525766],[-122.334777,47.525598],[-122.334818,47.525424],[-122.334836,47.524456],[-122.334824,47.52324],[-122.334836,47.522664],[-122.334844,47.52232],[-122.334762,47.521818],[-122.334648,47.521462],[-122.334591,47.521282],[-122.33436,47.520818],[-122.333866,47.519824],[-122.332713,47.517574],[-122.332538,47.517232],[-122.336742,47.517252],[-122.337485,47.517258],[-122.337537,47.517256],[-122.33793,47.517258],[-122.337874,47.51691],[-122.337858,47.516805],[-122.337881,47.516706],[-122.337959,47.516593],[-122.338066,47.51651],[-122.338882,47.516024],[-122.339007,47.515966],[-122.339203,47.515924],[-122.339961,47.51588],[-122.339918,47.515529],[-122.339862,47.515076],[-122.339706,47.51381],[-122.33975,47.513808],[-122.339944,47.513801],[-122.340283,47.513811],[-122.340459,47.513836],[-122.340596,47.513864],[-122.340739,47.513912],[-122.340972,47.514021],[-122.341055,47.513935],[-122.341259,47.51381],[-122.342404,47.513424],[-122.342876,47.513288],[-122.34314,47.51325],[-122.34336,47.513256],[-122.343827,47.513327],[-122.343952,47.513389],[-122.344549,47.51389],[-122.34466,47.513858],[-122.344822,47.51383],[-122.345176,47.513824],[-122.345879,47.513802],[-122.346447,47.513796],[-122.346848,47.513792],[-122.347714,47.513783],[-122.349005,47.513769],[-122.349142,47.513768],[-122.350387,47.513748],[-122.351381,47.513734],[-122.352689,47.513716],[-122.353903,47.5137],[-122.354944,47.513688],[-122.355129,47.513703],[-122.356297,47.514409],[-122.356394,47.514499],[-122.356432,47.514341],[-122.356442,47.514139],[-122.356423,47.514029],[-122.356362,47.513866],[-122.356248,47.513698],[-122.356504,47.513701],[-122.357362,47.513699],[-122.357815,47.513698],[-122.358479,47.513697],[-122.359158,47.513694],[-122.359597,47.513695],[-122.3604,47.513695],[-122.3605,47.513694],[-122.363188,47.513689]]]}},{"type":"Feature","properties":{"STATEFP10":"53","ZCTA5CE10":"98168","GEOID10":"5398168","CLASSFP10":"B5","MTFCC10":"G6350","FUNCSTAT10":"S","ALAND10":23030102,"AWATER10":426890,"INTPTLAT10":"+47.4895690","INTPTLON10":"-122.2999597","PARTFLG10":"N"},"geometry":{"type":"Polygon","coordinates":[[[-122.268246,47.467707],[-122.26833,47.467702],[-122.269089,47.467656],[-122.269132,47.467681],[-122.269206,47.467694],[-122.269639,47.467688],[-122.27059,47.467688],[-122.270592,47.468273],[-122.270595,47.469836],[-122.270596,47.470138],[-122.27056,47.472233],[-122.271172,47.472247],[-122.272636,47.472261],[-122.273733,47.472264],[-122.273721,47.471825],[-122.273694,47.471736],[-122.273675,47.470457],[-122.274264,47.470459],[-122.275858,47.470475],[-122.275862,47.46917],[-122.275861,47.469092],[-122.276959,47.469087],[-122.276966,47.469552],[-122.280672,47.469601],[-122.280691,47.468721],[-122.281172,47.468726],[-122.28215,47.468735],[-122.284933,47.468759],[-122.287074,47.468785],[-122.289187,47.468805],[-122.290568,47.468817],[-122.291348,47.468824],[-122.291666,47.468823],[-122.29271,47.468821],[-122.294611,47.468816],[-122.295211,47.468815],[-122.295602,47.468813],[-122.296552,47.468808],[-122.296717,47.46881],[-122.297228,47.468808],[-122.298033,47.468804],[-122.298499,47.468801],[-122.299853,47.468793],[-122.300202,47.468787],[-122.300731,47.468778],[-122.301333,47.468772],[-122.301348,47.468768],[-122.302364,47.468769],[-122.302416,47.468769],[-122.30242,47.466964],[-122.302421,47.466604],[-122.302422,47.466475],[-122.303159,47.466793],[-122.303933,47.46715],[-122.304507,47.467481],[-122.304687,47.467598],[-122.305524,47.468018],[-122.30589,47.468197],[-122.306248,47.468364],[-122.30664,47.468522],[-122.306998,47.468647],[-122.30921,47.469383],[-122.310673,47.469883],[-122.310823,47.469934],[-122.31124,47.470054],[-122.311592,47.470137],[-122.311912,47.470203],[-122.312572,47.470308],[-122.312384,47.470094],[-122.312653,47.47014],[-122.312996,47.470188],[-122.313371,47.470226],[-122.313806,47.470254],[-122.314493,47.470265],[-122.316096,47.470214],[-122.318072,47.470125],[-122.318917,47.470091],[-122.32116,47.47],[-122.322578,47.469944],[-122.323442,47.469909],[-122.323441,47.469147],[-122.323441,47.468741],[-122.324399,47.468738],[-122.326107,47.468731],[-122.326963,47.468727],[-122.328168,47.468723],[-122.329339,47.468717],[-122.329329,47.469141],[-122.329301,47.469341],[-122.3293,47.469687],[-122.329272,47.469722],[-122.329273,47.469762],[-122.329303,47.469796],[-122.329331,47.469807],[-122.329372,47.469969],[-122.329395,47.470059],[-122.329556,47.47008],[-122.329946,47.470155],[-122.33146,47.470348],[-122.331543,47.470357],[-122.331699,47.470374],[-122.332283,47.470438],[-122.332299,47.470138],[-122.332296,47.469533],[-122.332305,47.468813],[-122.332312,47.468719],[-122.333104,47.468697],[-122.33381,47.468691],[-122.333869,47.46869],[-122.333865,47.470493],[-122.333854,47.472294],[-122.333843,47.474125],[-122.333934,47.474124],[-122.334652,47.474121],[-122.334645,47.474199],[-122.334644,47.474245],[-122.334642,47.474302],[-122.33464,47.474349],[-122.334639,47.474397],[-122.334635,47.474448],[-122.334631,47.474495],[-122.334629,47.474544],[-122.334632,47.474624],[-122.334632,47.474671],[-122.334637,47.474725],[-122.33464,47.474775],[-122.334636,47.474846],[-122.334636,47.474902],[-122.334634,47.474958],[-122.334634,47.475004],[-122.334655,47.475084],[-122.334653,47.475129],[-122.334645,47.475174],[-122.33464,47.475222],[-122.334641,47.475277],[-122.334643,47.475327],[-122.334649,47.475389],[-122.334653,47.475434],[-122.334656,47.475485],[-122.334656,47.475536],[-122.334651,47.475593],[-122.334651,47.475668],[-122.334646,47.475721],[-122.334642,47.475774],[-122.334645,47.475828],[-122.334645,47.475904],[-122.334639,47.475951],[-122.334629,47.475996],[-122.334625,47.476053],[-122.334628,47.476102],[-122.334636,47.476149],[-122.334637,47.476194],[-122.334642,47.476242],[-122.334643,47.476298],[-122.333897,47.476302],[-122.333833,47.476303],[-122.333828,47.477687],[-122.333879,47.477687],[-122.335173,47.477678],[-122.335173,47.479469],[-122.333826,47.479478],[-122.333825,47.481278],[-122.333826,47.483085],[-122.333828,47.484879],[-122.333828,47.486102],[-122.33383,47.488482],[-122.333805,47.490526],[-122.333786,47.492145],[-122.333782,47.492462],[-122.33378,47.492571],[-122.33376,47.494204],[-122.333756,47.494598],[-122.333803,47.494598],[-122.334558,47.494598],[-122.334843,47.494598],[-122.334843,47.496325],[-122.333735,47.496333],[-122.333731,47.496747],[-122.333726,47.497133],[-122.33372,47.497671],[-122.333715,47.498068],[-122.333698,47.499488],[-122.333686,47.500415],[-122.333676,47.501292],[-122.333734,47.50129],[-122.334395,47.501273],[-122.335332,47.50126],[-122.335327,47.502132],[-122.335293,47.503121],[-122.334999,47.503126],[-122.333654,47.503154],[-122.33365,47.505205],[-122.333651,47.505504],[-122.333648,47.50573],[-122.333646,47.505797],[-122.333631,47.506766],[-122.333631,47.507607],[-122.333628,47.508556],[-122.334169,47.50856],[-122.334741,47.508558],[-122.334706,47.510364],[-122.333624,47.510381],[-122.333953,47.512159],[-122.334183,47.513498],[-122.334165,47.513649],[-122.334106,47.513743],[-122.334005,47.513865],[-122.333923,47.513854],[-122.333716,47.513854],[-122.333496,47.513853],[-122.332815,47.51385],[-122.332352,47.513848],[-122.332098,47.513864],[-122.331867,47.513931],[-122.331887,47.514109],[-122.33196,47.514387],[-122.331967,47.514469],[-122.331968,47.514479],[-122.331943,47.51452],[-122.331878,47.51455],[-122.331223,47.514553],[-122.331188,47.514552],[-122.330586,47.514539],[-122.330289,47.514029],[-122.330235,47.513927],[-122.328529,47.513929],[-122.328151,47.513932],[-122.327291,47.51393],[-122.32553,47.513869],[-122.324204,47.51387],[-122.323851,47.513853],[-122.323306,47.513837],[-122.317794,47.513821],[-122.316569,47.513817],[-122.314722,47.513813],[-122.313704,47.513789],[-122.313642,47.513778],[-122.313595,47.513762],[-122.313147,47.513761],[-122.312516,47.513649],[-122.312514,47.513822],[-122.312513,47.514084],[-122.312313,47.513884],[-122.312215,47.513786],[-122.312091,47.513664],[-122.311533,47.513917],[-122.311429,47.513785],[-122.311336,47.513668],[-122.311099,47.513771],[-122.311029,47.513669],[-122.310826,47.513376],[-122.310588,47.51365],[-122.310603,47.513672],[-122.310948,47.514185],[-122.311297,47.515648],[-122.310073,47.514797],[-122.30971,47.514544],[-122.309568,47.514445],[-122.30848,47.513681],[-122.307264,47.512828],[-122.306888,47.512829],[-122.306696,47.51283],[-122.305886,47.51283],[-122.304041,47.512836],[-122.303951,47.512837],[-122.301079,47.512208],[-122.299921,47.512299],[-122.299798,47.512272],[-122.299481,47.512201],[-122.299291,47.512129],[-122.299053,47.512043],[-122.296265,47.511035],[-122.295303,47.510803],[-122.294756,47.510695],[-122.294414,47.510683],[-122.294243,47.510696],[-122.294229,47.510732],[-122.293146,47.510822],[-122.292871,47.510817],[-122.293135,47.5112],[-122.293406,47.511622],[-122.291325,47.511627],[-122.291335,47.510838],[-122.291369,47.510153],[-122.287677,47.510193],[-122.28625,47.510219],[-122.28577,47.510221],[-122.284861,47.51015],[-122.283739,47.510063],[-122.283335,47.509376],[-122.282804,47.50849],[-122.282721,47.508347],[-122.282659,47.508182],[-122.282607,47.507739],[-122.282264,47.507762],[-122.281672,47.507793],[-122.281369,47.507815],[-122.279672,47.505614],[-122.27928,47.505133],[-122.279085,47.504905],[-122.278718,47.504459],[-122.278274,47.50395],[-122.277895,47.503539],[-122.277443,47.503084],[-122.276014,47.501676],[-122.274249,47.499981],[-122.273849,47.499591],[-122.273608,47.499344],[-122.273272,47.499011],[-122.272599,47.498383],[-122.271955,47.497791],[-122.271086,47.497027],[-122.270896,47.496862],[-122.270536,47.49655],[-122.270294,47.496354],[-122.270298,47.496033],[-122.270304,47.495648],[-122.271056,47.495655],[-122.271954,47.496389],[-122.273424,47.497582],[-122.275096,47.498928],[-122.276892,47.500442],[-122.277498,47.500984],[-122.2778,47.501266],[-122.27882,47.50008],[-122.278825,47.500052],[-122.279767,47.495188],[-122.279308,47.494683],[-122.278932,47.494628],[-122.278929,47.494294],[-122.279538,47.494299],[-122.279493,47.492348],[-122.280091,47.492357],[-122.279997,47.491303],[-122.279996,47.490964],[-122.280008,47.490768],[-122.280051,47.490534],[-122.280083,47.490416],[-122.28014,47.490201],[-122.279722,47.490014],[-122.279338,47.490014],[-122.278577,47.490162],[-122.278025,47.49042],[-122.277721,47.490479],[-122.277358,47.490663],[-122.276437,47.490955],[-122.276234,47.490998],[-122.274371,47.491395],[-122.27335,47.491444],[-122.272691,47.491309],[-122.271648,47.49091],[-122.27141,47.49073],[-122.271222,47.490541],[-122.271035,47.490088],[-122.271057,47.489745],[-122.270741,47.488979],[-122.270075,47.488694],[-122.269249,47.488818],[-122.268647,47.489085],[-122.267835,47.489244],[-122.266792,47.489108],[-122.266137,47.488857],[-122.266075,47.488833],[-122.265663,47.4885],[-122.265321,47.48809],[-122.265168,47.487907],[-122.265267,47.487793],[-122.26529,47.487772],[-122.265267,47.487741],[-122.265196,47.487606],[-122.265078,47.487245],[-122.265079,47.487101],[-122.265151,47.486868],[-122.265235,47.486734],[-122.265554,47.486537],[-122.265994,47.486324],[-122.266457,47.48612],[-122.267135,47.485729],[-122.267432,47.485497],[-122.267729,47.485228],[-122.267907,47.485049],[-122.268015,47.484924],[-122.268336,47.484485],[-122.268586,47.483983],[-122.268635,47.483768],[-122.268649,47.483192],[-122.268612,47.483083],[-122.268553,47.482993],[-122.267725,47.482457],[-122.267513,47.482361],[-122.267486,47.482413],[-122.267446,47.482498],[-122.267391,47.482608],[-122.267286,47.482553],[-122.267157,47.482525],[-122.267036,47.482534],[-122.266823,47.482577],[-122.26661,47.482666],[-122.266207,47.482916],[-122.265946,47.483103],[-122.265399,47.483531],[-122.265161,47.483673],[-122.26446,47.483948],[-122.264174,47.48409],[-122.263628,47.484456],[-122.263366,47.48458],[-122.263083,47.484686],[-122.262489,47.48479],[-122.261991,47.484805],[-122.26135,47.484702],[-122.261054,47.484628],[-122.260499,47.484381],[-122.260155,47.484172],[-122.259704,47.483963],[-122.259385,47.48378],[-122.25933,47.483741],[-122.259178,47.483635],[-122.259149,47.483599],[-122.25915,47.483455],[-122.259221,47.483347],[-122.25934,47.483231],[-122.259375,47.483202],[-122.25966,47.482963],[-122.259982,47.482749],[-122.26022,47.482651],[-122.260813,47.482458],[-122.26099,47.482342],[-122.261086,47.482253],[-122.261145,47.482172],[-122.261169,47.482028],[-122.261134,47.481866],[-122.261077,47.481776],[-122.260886,47.48163],[-122.260555,47.48144],[-122.260175,47.481302],[-122.259892,47.481255],[-122.259535,47.481289],[-122.259203,47.481278],[-122.258575,47.481246],[-122.257817,47.481242],[-122.257603,47.481213],[-122.257461,47.481176],[-122.257129,47.481048],[-122.256858,47.480893],[-122.256573,47.480694],[-122.256468,47.480558],[-122.256325,47.480413],[-122.256171,47.480218],[-122.255911,47.479889],[-122.255769,47.479698],[-122.25571,47.479647],[-122.255676,47.479617],[-122.255557,47.479482],[-122.255439,47.479274],[-122.255439,47.47913],[-122.255523,47.479049],[-122.255595,47.478996],[-122.255725,47.478951],[-122.256543,47.478876],[-122.258157,47.47876],[-122.258358,47.478707],[-122.2585,47.478645],[-122.258739,47.478485],[-122.258916,47.478297],[-122.258958,47.478192],[-122.258989,47.478118],[-122.258989,47.477911],[-122.258906,47.477775],[-122.258776,47.47764],[-122.258528,47.477467],[-122.25841,47.477412],[-122.258208,47.477375],[-122.257628,47.477317],[-122.257401,47.477271],[-122.256229,47.477155],[-122.255056,47.477022],[-122.254738,47.476966],[-122.254747,47.476849],[-122.25475,47.476812],[-122.254389,47.476733],[-122.253673,47.476458],[-122.252191,47.475392],[-122.251577,47.474834],[-122.251569,47.474808],[-122.251779,47.474785],[-122.252986,47.475007],[-122.253949,47.475106],[-122.254149,47.475122],[-122.254288,47.474382],[-122.253117,47.474288],[-122.253225,47.473534],[-122.254963,47.473711],[-122.255299,47.473723],[-122.255342,47.473721],[-122.255461,47.473712],[-122.255598,47.473689],[-122.255816,47.473633],[-122.254403,47.471313],[-122.254324,47.471333],[-122.253946,47.471425],[-122.253826,47.471169],[-122.253108,47.469988],[-122.253092,47.469947],[-122.253105,47.469906],[-122.25314,47.469874],[-122.253405,47.469799],[-122.253468,47.469784],[-122.252916,47.468877],[-122.254886,47.468904],[-122.255566,47.467792],[-122.25571,47.467793],[-122.256964,47.467797],[-122.256945,47.468724],[-122.256937,47.469604],[-122.256962,47.4697],[-122.257136,47.469677],[-122.257298,47.469662],[-122.257621,47.469648],[-122.259332,47.469596],[-122.259473,47.469591],[-122.259525,47.469611],[-122.259553,47.469637],[-122.259564,47.469671],[-122.25956,47.469705],[-122.25955,47.470029],[-122.259556,47.471379],[-122.259956,47.471379],[-122.260786,47.471376],[-122.261691,47.471375],[-122.262513,47.471374],[-122.262533,47.469955],[-122.262542,47.469267],[-122.263613,47.469256],[-122.263911,47.469056],[-122.265925,47.469086],[-122.266779,47.469073],[-122.266882,47.469065],[-122.267007,47.469043],[-122.266846,47.46866],[-122.266808,47.468524],[-122.266791,47.468367],[-122.266772,47.467894],[-122.266696,47.467586],[-122.266591,47.467326],[-122.266452,47.467097],[-122.266218,47.466752],[-122.265947,47.46636],[-122.265837,47.466243],[-122.265773,47.466183],[-122.265569,47.466022],[-122.265373,47.465898],[-122.265158,47.465788],[-122.264928,47.465693],[-122.264768,47.46564],[-122.264635,47.465608],[-122.263302,47.465293],[-122.262558,47.465093],[-122.262093,47.464969],[-122.262012,47.464923],[-122.261982,47.464898],[-122.261938,47.464838],[-122.261924,47.464802],[-122.261919,47.46476],[-122.261926,47.464715],[-122.262057,47.464512],[-122.261458,47.464293],[-122.261008,47.464101],[-122.262108,47.464454],[-122.262286,47.464508],[-122.262461,47.464568],[-122.262783,47.464666],[-122.263062,47.464739],[-122.263469,47.464809],[-122.263845,47.464859],[-122.264232,47.464889],[-122.265671,47.464972],[-122.26579,47.464979],[-122.266095,47.464997],[-122.265973,47.464795],[-122.265604,47.46422],[-122.26526,47.463655],[-122.265216,47.463558],[-122.265197,47.463494],[-122.265181,47.463408],[-122.265175,47.463303],[-122.265205,47.463075],[-122.265236,47.462962],[-122.265409,47.463202],[-122.266265,47.464268],[-122.266461,47.464564],[-122.266582,47.464764],[-122.26672,47.464931],[-122.266771,47.465036],[-122.266924,47.465045],[-122.267201,47.465061],[-122.267221,47.465138],[-122.267304,47.465373],[-122.267523,47.4659],[-122.267694,47.466351],[-122.267956,47.467108],[-122.268147,47.467713],[-122.268246,47.467707]]]}},{"type":"Feature","properties":{"STATEFP10":"53","ZCTA5CE10":"98158","GEOID10":"5398158","CLASSFP10":"B5","MTFCC10":"G6350","FUNCSTAT10":"S","ALAND10":5726911,"AWATER10":0,"INTPTLAT10":"+47.4496701","INTPTLON10":"-122.3076429","PARTFLG10":"N"},"geometry":{"type":"Polygon","coordinates":[[[-122.320853,47.44519],[-122.31959,47.445188],[-122.318732,47.44519],[-122.318622,47.445208],[-122.318558,47.445231],[-122.318523,47.445253],[-122.31847,47.445285],[-122.318433,47.445322],[-122.318408,47.445359],[-122.318391,47.445402],[-122.318371,47.44613],[-122.318376,47.446674],[-122.318372,47.44707],[-122.318381,47.447571],[-122.318361,47.448303],[-122.31835,47.448837],[-122.318341,47.449713],[-122.318336,47.450597],[-122.318329,47.451429],[-122.318326,47.451996],[-122.318319,47.452442],[-122.31831,47.453134],[-122.318304,47.453833],[-122.318287,47.454418],[-122.318297,47.455155],[-122.318275,47.456993],[-122.318284,47.457226],[-122.318249,47.458761],[-122.318238,47.459628],[-122.318238,47.460138],[-122.31823,47.461433],[-122.318248,47.463173],[-122.318251,47.463277],[-122.317247,47.463628],[-122.316515,47.463894],[-122.316325,47.46396],[-122.315628,47.464203],[-122.315079,47.464405],[-122.314896,47.464488],[-122.314256,47.464778],[-122.313838,47.464974],[-122.313575,47.465103],[-122.313345,47.465238],[-122.313134,47.465391],[-122.312991,47.465513],[-122.312787,47.465676],[-122.312465,47.465933],[-122.312307,47.466033],[-122.312144,47.466119],[-122.311967,47.466197],[-122.311783,47.466267],[-122.311385,47.466371],[-122.311181,47.466398],[-122.310972,47.466418],[-122.310752,47.466432],[-122.310551,47.466423],[-122.308326,47.46618],[-122.306826,47.466017],[-122.306449,47.465952],[-122.306092,47.465849],[-122.305923,47.465784],[-122.305039,47.465371],[-122.304875,47.465307],[-122.304704,47.465251],[-122.304345,47.465169],[-122.30416,47.465142],[-122.303783,47.465118],[-122.302426,47.465122],[-122.30235,47.464905],[-122.302325,47.464863],[-122.30228,47.464807],[-122.302175,47.464748],[-122.302079,47.464724],[-122.301943,47.464714],[-122.301288,47.464728],[-122.300907,47.464725],[-122.300515,47.464693],[-122.300138,47.464632],[-122.299851,47.464566],[-122.299679,47.464511],[-122.29946,47.464429],[-122.299332,47.464375],[-122.29889,47.464706],[-122.297789,47.464147],[-122.297443,47.463976],[-122.297074,47.463782],[-122.297063,47.463774],[-122.296803,47.463583],[-122.296553,47.463326],[-122.29642,47.463151],[-122.296287,47.462911],[-122.296223,47.462739],[-122.296184,47.462533],[-122.296182,47.462262],[-122.296214,47.462043],[-122.2963,47.461794],[-122.296385,47.461637],[-122.296481,47.461488],[-122.296798,47.461131],[-122.297101,47.460806],[-122.297958,47.45998],[-122.297881,47.459945],[-122.295483,47.462173],[-122.294488,47.463055],[-122.294441,47.462733],[-122.294463,47.462447],[-122.294487,47.462298],[-122.294537,47.462157],[-122.294669,47.461931],[-122.294764,47.461801],[-122.294913,47.46164],[-122.295135,47.461426],[-122.295918,47.460845],[-122.297434,47.45973],[-122.297385,47.459708],[-122.297257,47.459672],[-122.297047,47.459652],[-122.297066,47.459066],[-122.297099,47.457639],[-122.295968,47.457645],[-122.295997,47.457618],[-122.295984,47.45586],[-122.295967,47.455794],[-122.295935,47.45573],[-122.295678,47.4558],[-122.295624,47.455808],[-122.295529,47.455806],[-122.295426,47.455782],[-122.29507,47.455087],[-122.295107,47.455068],[-122.295141,47.455016],[-122.295137,47.454972],[-122.295109,47.454928],[-122.295039,47.45489],[-122.294989,47.454895],[-122.294946,47.454905],[-122.294912,47.454919],[-122.294886,47.454936],[-122.294857,47.45497],[-122.294849,47.454992],[-122.29485,47.455015],[-122.294364,47.455144],[-122.294264,47.455148],[-122.294054,47.455101],[-122.294672,47.45389],[-122.295057,47.453151],[-122.295427,47.452395],[-122.295616,47.451943],[-122.295754,47.451603],[-122.295867,47.451291],[-122.29604,47.450664],[-122.297201,47.450651],[-122.298643,47.450654],[-122.298997,47.450652],[-122.299198,47.450648],[-122.299433,47.45065],[-122.299791,47.450639],[-122.300089,47.450634],[-122.300235,47.450633],[-122.300525,47.450632],[-122.300513,47.45035],[-122.300483,47.450164],[-122.300411,47.449967],[-122.300337,47.449829],[-122.300245,47.449701],[-122.300143,47.449547],[-122.300007,47.449402],[-122.299877,47.449289],[-122.299757,47.4492],[-122.298567,47.448379],[-122.297669,47.447798],[-122.297577,47.447734],[-122.297425,47.447609],[-122.297275,47.44745],[-122.297168,47.447299],[-122.29712,47.44721],[-122.297084,47.447118],[-122.297066,47.447053],[-122.297047,47.446893],[-122.297051,47.446821],[-122.297088,47.446638],[-122.297119,47.446535],[-122.297189,47.44639],[-122.297247,47.446298],[-122.297305,47.446224],[-122.29737,47.446152],[-122.297523,47.446012],[-122.297634,47.445928],[-122.297755,47.445858],[-122.297608,47.445839],[-122.297518,47.44582],[-122.29744,47.4458],[-122.297395,47.445786],[-122.297238,47.445724],[-122.297153,47.445796],[-122.297068,47.445773],[-122.297032,47.445759],[-122.296911,47.44569],[-122.296851,47.445645],[-122.296762,47.445552],[-122.296722,47.445491],[-122.296697,47.445436],[-122.29668,47.44538],[-122.296562,47.44394],[-122.296442,47.442437],[-122.296436,47.442246],[-122.296462,47.442017],[-122.29649,47.441917],[-122.296512,47.441863],[-122.296578,47.441748],[-122.296567,47.441642],[-122.296573,47.44144],[-122.296649,47.441094],[-122.296674,47.440978],[-122.296689,47.440868],[-122.296687,47.44079],[-122.296661,47.440722],[-122.296614,47.440665],[-122.296556,47.440616],[-122.296477,47.440572],[-122.296234,47.440477],[-122.295926,47.44048],[-122.295886,47.439939],[-122.295765,47.437943],[-122.295754,47.437801],[-122.295595,47.435679],[-122.295508,47.434533],[-122.29793,47.434567],[-122.30085,47.434577],[-122.301924,47.434587],[-122.301947,47.434583],[-122.304873,47.4346],[-122.305011,47.434601],[-122.305043,47.434605],[-122.309059,47.434633],[-122.311927,47.434641],[-122.313698,47.434651],[-122.313823,47.434658],[-122.313955,47.434671],[-122.314232,47.434713],[-122.31436,47.43474],[-122.314509,47.434778],[-122.314647,47.43482],[-122.31482,47.434883],[-122.315131,47.435019],[-122.315382,47.435158],[-122.315432,47.43519],[-122.316137,47.435574],[-122.318101,47.436643],[-122.318718,47.436979],[-122.31899,47.437127],[-122.32224,47.438893],[-122.322317,47.438935],[-122.322084,47.439239],[-122.32107,47.440459],[-122.320875,47.440759],[-122.320771,47.440956],[-122.320647,47.441253],[-122.320589,47.441429],[-122.320504,47.441766],[-122.320476,47.441927],[-122.320448,47.442152],[-122.320425,47.442498],[-122.320423,47.442872],[-122.320448,47.443275],[-122.320475,47.443545],[-122.320552,47.443827],[-122.320573,47.443943],[-122.320711,47.444404],[-122.321039,47.44519],[-122.320853,47.44519]]]}},{"type":"Feature","properties":{"STATEFP10":"53","ZCTA5CE10":"98119","GEOID10":"5398119","CLASSFP10":"B5","MTFCC10":"G6350","FUNCSTAT10":"S","ALAND10":6308526,"AWATER10":1626237,"INTPTLAT10":"+47.6386789","INTPTLON10":"-122.3709456","PARTFLG10":"N"},"geometry":{"type":"Polygon","coordinates":[[[-122.389681,47.631319],[-122.389662,47.631387],[-122.389964,47.631413],[-122.390059,47.631612],[-122.390362,47.631651],[-122.391119,47.63171],[-122.391159,47.632323],[-122.390845,47.632327],[-122.390624,47.632339],[-122.390347,47.632382],[-122.390006,47.632471],[-122.389833,47.632541],[-122.389504,47.632732],[-122.389317,47.632858],[-122.389105,47.633019],[-122.388923,47.63314],[-122.38876,47.633224],[-122.388674,47.633258],[-122.388451,47.633349],[-122.388288,47.633395],[-122.388117,47.63343],[-122.387859,47.633463],[-122.387606,47.633474],[-122.386995,47.633476],[-122.386568,47.633477],[-122.385826,47.633479],[-122.383158,47.633485],[-122.382708,47.633486],[-122.382259,47.633488],[-122.382114,47.633472],[-122.381539,47.633489],[-122.380379,47.633492],[-122.380018,47.633493],[-122.379074,47.633442],[-122.379204,47.633578],[-122.378968,47.633677],[-122.379654,47.634413],[-122.379904,47.634721],[-122.380077,47.634966],[-122.380202,47.635184],[-122.380351,47.635589],[-122.380442,47.636126],[-122.380397,47.637551],[-122.380477,47.639841],[-122.380506,47.640718],[-122.380507,47.640804],[-122.380217,47.648463],[-122.380422,47.648463],[-122.380668,47.648459],[-122.380958,47.648463],[-122.381369,47.648458],[-122.381448,47.648457],[-122.381867,47.648456],[-122.382014,47.648459],[-122.381991,47.65033],[-122.381992,47.650518],[-122.383234,47.652154],[-122.384618,47.653977],[-122.383625,47.653982],[-122.380606,47.653994],[-122.380607,47.653995],[-122.38089,47.654071],[-122.38105,47.654142],[-122.381189,47.654228],[-122.381344,47.654339],[-122.381163,47.654481],[-122.381146,47.654515],[-122.381141,47.654645],[-122.381133,47.655058],[-122.381233,47.655056],[-122.381532,47.655082],[-122.381773,47.655118],[-122.381848,47.655132],[-122.382016,47.655183],[-122.382142,47.655233],[-122.382485,47.655449],[-122.382535,47.655488],[-122.382564,47.655521],[-122.38259,47.655568],[-122.382616,47.65569],[-122.382611,47.655807],[-122.382426,47.655807],[-122.382502,47.655995],[-122.382497,47.656473],[-122.382502,47.656573],[-122.382514,47.656628],[-122.382542,47.656678],[-122.382616,47.65678],[-122.382629,47.656831],[-122.38263,47.657692],[-122.382343,47.658915],[-122.384654,47.660929],[-122.390466,47.662865],[-122.390514,47.66318],[-122.390642,47.663396],[-122.390907,47.663557],[-122.391046,47.66357],[-122.391162,47.663582],[-122.39122,47.663839],[-122.391047,47.66381],[-122.390665,47.663747],[-122.390115,47.663658],[-122.38744,47.66322],[-122.380401,47.660075],[-122.376224,47.659353],[-122.376027,47.659319],[-122.371713,47.657878],[-122.370501,47.657474],[-122.367339,47.65642],[-122.366107,47.655788],[-122.362437,47.653907],[-122.360539,47.65292],[-122.360539,47.65242],[-122.360874,47.651931],[-122.360852,47.651783],[-122.360756,47.651778],[-122.359682,47.651459],[-122.359356,47.651316],[-122.358703,47.651027],[-122.357228,47.650374],[-122.357681,47.650379],[-122.357678,47.65028],[-122.357679,47.650192],[-122.35768,47.649773],[-122.35768,47.64954],[-122.357683,47.648658],[-122.357688,47.647774],[-122.357692,47.646891],[-122.356868,47.64689],[-122.356879,47.645814],[-122.356883,47.644964],[-122.35689,47.644114],[-122.356889,47.643238],[-122.356899,47.641659],[-122.356901,47.641432],[-122.357079,47.641431],[-122.357304,47.641431],[-122.357666,47.641431],[-122.35824,47.641431],[-122.358242,47.64117],[-122.358252,47.639595],[-122.357336,47.639594],[-122.357147,47.639594],[-122.356914,47.639594],[-122.356928,47.638381],[-122.356943,47.637168],[-122.356957,47.635954],[-122.358297,47.635954],[-122.358313,47.634741],[-122.358327,47.633528],[-122.358342,47.632318],[-122.357888,47.632316],[-122.357017,47.632315],[-122.356779,47.632315],[-122.356655,47.632222],[-122.356609,47.632134],[-122.35659,47.63195],[-122.356594,47.631499],[-122.356597,47.6313],[-122.356727,47.6313],[-122.3579,47.631308],[-122.357911,47.630443],[-122.357921,47.629575],[-122.357119,47.629572],[-122.356624,47.629571],[-122.356682,47.62871],[-122.357011,47.628711],[-122.357931,47.628717],[-122.357994,47.627722],[-122.357997,47.627194],[-122.356691,47.627191],[-122.356699,47.626315],[-122.356705,47.625713],[-122.356704,47.625452],[-122.356711,47.624581],[-122.356722,47.623275],[-122.356731,47.622107],[-122.357362,47.622109],[-122.358037,47.622112],[-122.358046,47.620945],[-122.358054,47.619778],[-122.358061,47.619021],[-122.357434,47.61865],[-122.357363,47.618608],[-122.35875,47.618818],[-122.35848,47.618616],[-122.358479,47.618615],[-122.359324,47.618585],[-122.35944,47.618585],[-122.359537,47.618585],[-122.359864,47.618585],[-122.361396,47.619766],[-122.361921,47.619637],[-122.360738,47.61872],[-122.369903,47.618764],[-122.374208,47.621015],[-122.375529,47.621706],[-122.376287,47.622102],[-122.379856,47.62397],[-122.387728,47.625312],[-122.389747,47.625656],[-122.389747,47.626866],[-122.389532,47.627451],[-122.389488,47.627582],[-122.389636,47.630659],[-122.389662,47.631181],[-122.389681,47.631319]]]}},{"type":"Feature","properties":{"STATEFP10":"53","ZCTA5CE10":"98177","GEOID10":"5398177","CLASSFP10":"B5","MTFCC10":"G6350","FUNCSTAT10":"S","ALAND10":14752872,"AWATER10":3576381,"INTPTLAT10":"+47.7422386","INTPTLON10":"-122.3766077","PARTFLG10":"N"},"geometry":{"type":"Polygon","coordinates":[[[-122.358265,47.775485],[-122.357289,47.775468],[-122.357257,47.774134],[-122.357404,47.774136],[-122.358491,47.774139],[-122.358477,47.773844],[-122.358397,47.77375],[-122.357324,47.773125],[-122.357526,47.771092],[-122.357962,47.770975],[-122.357958,47.770714],[-122.357954,47.770482],[-122.358531,47.770486],[-122.358483,47.769532],[-122.358678,47.769048],[-122.358489,47.768675],[-122.358492,47.767976],[-122.358497,47.767273],[-122.358502,47.76686],[-122.357496,47.766846],[-122.357504,47.765042],[-122.355831,47.76503],[-122.355846,47.764306],[-122.356085,47.764269],[-122.356556,47.764292],[-122.356601,47.764302],[-122.356942,47.764381],[-122.357698,47.764704],[-122.35822,47.764927],[-122.358419,47.764981],[-122.358775,47.763232],[-122.358542,47.763231],[-122.35854,47.762634],[-122.358531,47.761919],[-122.358522,47.761355],[-122.35852,47.761201],[-122.358516,47.760473],[-122.358506,47.759246],[-122.358505,47.759143],[-122.358501,47.758219],[-122.358494,47.757728],[-122.358489,47.757425],[-122.358475,47.756339],[-122.35847,47.755941],[-122.358467,47.755597],[-122.357042,47.7555],[-122.356927,47.753979],[-122.358218,47.753866],[-122.358451,47.753846],[-122.358677,47.753829],[-122.357993,47.753535],[-122.357767,47.753141],[-122.357858,47.753102],[-122.357877,47.753059],[-122.357862,47.753016],[-122.357806,47.752923],[-122.357773,47.752825],[-122.357763,47.75257],[-122.357781,47.752428],[-122.3579,47.752174],[-122.357915,47.752067],[-122.357885,47.751995],[-122.357861,47.75194],[-122.358371,47.751444],[-122.358488,47.751499],[-122.35871,47.751633],[-122.358946,47.751791],[-122.359784,47.75257],[-122.360212,47.752954],[-122.360377,47.753068],[-122.360901,47.753332],[-122.361019,47.753427],[-122.361077,47.753499],[-122.361131,47.753618],[-122.361142,47.753705],[-122.361166,47.755952],[-122.363864,47.755971],[-122.364439,47.755975],[-122.36444,47.755619],[-122.36504,47.754219],[-122.36784,47.753619],[-122.37074,47.750919],[-122.370936,47.750934],[-122.370684,47.750882],[-122.369908,47.750755],[-122.369094,47.750595],[-122.368772,47.750509],[-122.368621,47.750453],[-122.3684,47.750346],[-122.368217,47.750233],[-122.368,47.750051],[-122.367832,47.749846],[-122.367663,47.749545],[-122.367546,47.749337],[-122.367461,47.749237],[-122.367288,47.749108],[-122.367073,47.749012],[-122.366516,47.748875],[-122.36426,47.748461],[-122.364044,47.748422],[-122.363849,47.748365],[-122.363672,47.748278],[-122.363546,47.748181],[-122.363225,47.747781],[-122.362943,47.747509],[-122.36272,47.747338],[-122.362501,47.747195],[-122.362204,47.747033],[-122.361942,47.746916],[-122.361429,47.746738],[-122.361324,47.747012],[-122.360994,47.746874],[-122.360687,47.746792],[-122.360427,47.746764],[-122.360287,47.74677],[-122.359992,47.74682],[-122.359827,47.74686],[-122.359788,47.7468],[-122.359683,47.746496],[-122.358243,47.746379],[-122.358018,47.746345],[-122.357804,47.746287],[-122.357606,47.746206],[-122.357084,47.74591],[-122.355663,47.745297],[-122.355661,47.745038],[-122.357648,47.74504],[-122.358892,47.745041],[-122.358885,47.744606],[-122.358865,47.742506],[-122.358858,47.741414],[-122.357459,47.741405],[-122.355634,47.741393],[-122.355602,47.737737],[-122.355595,47.736872],[-122.355605,47.73595],[-122.355608,47.735146],[-122.355574,47.734307],[-122.355572,47.734129],[-122.359169,47.734136],[-122.35845,47.733211],[-122.357732,47.732318],[-122.358252,47.73232],[-122.358251,47.730505],[-122.357523,47.730502],[-122.357576,47.729065],[-122.358179,47.728731],[-122.358251,47.728732],[-122.358251,47.728237],[-122.35825,47.727329],[-122.35825,47.726876],[-122.35825,47.725062],[-122.35816,47.725061],[-122.35775,47.723243],[-122.356888,47.723239],[-122.356884,47.721424],[-122.35825,47.721432],[-122.358249,47.719617],[-122.358234,47.717801],[-122.358219,47.715984],[-122.357474,47.71598],[-122.357674,47.714406],[-122.358205,47.714326],[-122.358204,47.714168],[-122.358077,47.714167],[-122.357456,47.714165],[-122.357437,47.712349],[-122.357729,47.710645],[-122.35769,47.710536],[-122.356833,47.710533],[-122.356816,47.708719],[-122.357641,47.708723],[-122.35815,47.708727],[-122.35813,47.706914],[-122.35811,47.705101],[-122.357903,47.704365],[-122.358157,47.704365],[-122.36076,47.704361],[-122.360754,47.703666],[-122.358837,47.703655],[-122.358275,47.703651],[-122.357866,47.703648],[-122.355439,47.703633],[-122.355431,47.702908],[-122.355424,47.702184],[-122.358083,47.702198],[-122.358076,47.701472],[-122.359436,47.701479],[-122.360675,47.701498],[-122.360735,47.701512],[-122.360799,47.701525],[-122.362067,47.701539],[-122.362424,47.701537],[-122.362603,47.701449],[-122.363394,47.701046],[-122.36472,47.70038],[-122.364721,47.700621],[-122.364727,47.70149],[-122.364727,47.701505],[-122.365651,47.701509],[-122.366057,47.701511],[-122.367398,47.701516],[-122.368739,47.70152],[-122.370077,47.701523],[-122.371415,47.701527],[-122.372753,47.70153],[-122.374093,47.701534],[-122.375431,47.701549],[-122.376683,47.70155],[-122.37677,47.701577],[-122.376865,47.701599],[-122.378489,47.701579],[-122.378491,47.701542],[-122.378494,47.701196],[-122.380756,47.701167],[-122.380763,47.701334],[-122.381349,47.701041],[-122.383167,47.701712],[-122.384203,47.701446],[-122.384726,47.701507],[-122.385291,47.701324],[-122.385292,47.701172],[-122.387558,47.701169],[-122.387557,47.701545],[-122.389434,47.701545],[-122.390049,47.701545],[-122.391995,47.701608],[-122.393248,47.701602],[-122.393395,47.701613],[-122.396882,47.702973],[-122.398596,47.703899],[-122.392176,47.706564],[-122.389301,47.709043],[-122.384415,47.711364],[-122.383667,47.71441],[-122.380683,47.718188],[-122.380705,47.719754],[-122.38074,47.722194],[-122.380182,47.724178],[-122.381198,47.733798],[-122.381948,47.739163],[-122.385926,47.745491],[-122.386786,47.746859],[-122.387131,47.748735],[-122.384779,47.756757],[-122.39352,47.763384],[-122.398185,47.770233],[-122.398825,47.777938],[-122.394543,47.777919],[-122.393332,47.777928],[-122.393194,47.777929],[-122.391984,47.777934],[-122.390131,47.777912],[-122.389811,47.777894],[-122.389634,47.777894],[-122.389633,47.777894],[-122.389441,47.777896],[-122.388554,47.777901],[-122.388274,47.777909],[-122.38826,47.777909],[-122.388204,47.77791],[-122.386961,47.777919],[-122.382879,47.777872],[-122.382743,47.77787],[-122.380189,47.77784],[-122.380028,47.777843],[-122.380009,47.777843],[-122.379104,47.777859],[-122.378943,47.777858],[-122.378942,47.777857],[-122.378105,47.777853],[-122.378103,47.777852],[-122.377484,47.77785],[-122.377218,47.777846],[-122.375541,47.777827],[-122.375453,47.777826],[-122.374293,47.777818],[-122.374287,47.777818],[-122.374241,47.777818],[-122.373121,47.777807],[-122.372141,47.777801],[-122.372091,47.777801],[-122.372084,47.777801],[-122.370586,47.777827],[-122.370586,47.777828],[-122.370586,47.777829],[-122.370586,47.77783],[-122.370586,47.777831],[-122.370586,47.777832],[-122.370339,47.777838],[-122.37004,47.777901],[-122.370039,47.777887],[-122.370038,47.777874],[-122.370014,47.777831],[-122.369983,47.777801],[-122.369942,47.777777],[-122.369894,47.777761],[-122.369841,47.777752],[-122.369714,47.777753],[-122.369583,47.777755],[-122.369214,47.777751],[-122.368915,47.777764],[-122.368473,47.777794],[-122.36822,47.777798],[-122.367991,47.777795],[-122.367091,47.777756],[-122.36709,47.777755],[-122.367089,47.777754],[-122.366914,47.77775],[-122.366685,47.777743],[-122.365186,47.77774],[-122.364957,47.777734],[-122.364621,47.777716],[-122.364389,47.777716],[-122.364389,47.777717],[-122.364389,47.777718],[-122.364389,47.777719],[-122.364272,47.777721],[-122.364214,47.777722],[-122.364008,47.777724],[-122.363102,47.777735],[-122.363099,47.777734],[-122.362976,47.777736],[-122.36289,47.777747],[-122.361617,47.777777],[-122.361326,47.777764],[-122.360648,47.777767],[-122.358884,47.777766],[-122.358667,47.777766],[-122.358666,47.776619],[-122.358674,47.776176],[-122.358274,47.776176],[-122.358265,47.775485]]]}},{"type":"Feature","properties":{"STATEFP10":"53","ZCTA5CE10":"98102","GEOID10":"5398102","CLASSFP10":"B5","MTFCC10":"G6350","FUNCSTAT10":"S","ALAND10":3396112,"AWATER10":644264,"INTPTLAT10":"+47.6371398","INTPTLON10":"-122.3218912","PARTFLG10":"N"},"geometry":{"type":"Polygon","coordinates":[[[-122.316037,47.639557],[-122.315696,47.639558],[-122.315624,47.639545],[-122.315463,47.639491],[-122.315426,47.639467],[-122.315333,47.639407],[-122.315252,47.639315],[-122.315206,47.639208],[-122.315214,47.638262],[-122.31522,47.637644],[-122.315224,47.637238],[-122.315224,47.637233],[-122.317286,47.63724],[-122.31733,47.63724],[-122.31732,47.63684],[-122.317328,47.636051],[-122.317227,47.63606],[-122.317053,47.636069],[-122.31672,47.636072],[-122.316235,47.636065],[-122.315322,47.636003],[-122.31472,47.635996],[-122.31462,47.63598],[-122.313609,47.635984],[-122.31361,47.635944],[-122.313582,47.635606],[-122.313507,47.635321],[-122.313388,47.635047],[-122.313213,47.634766],[-122.313039,47.634552],[-122.312723,47.634247],[-122.312626,47.634131],[-122.312552,47.634026],[-122.312483,47.633764],[-122.312498,47.632332],[-122.313132,47.631924],[-122.313487,47.631806],[-122.313779,47.631778],[-122.31421,47.631763],[-122.314758,47.631826],[-122.315539,47.631864],[-122.315551,47.63191],[-122.31559,47.63195],[-122.315648,47.631976],[-122.315723,47.631984],[-122.315785,47.631976],[-122.315842,47.631949],[-122.315892,47.631869],[-122.316509,47.631822],[-122.316742,47.63173],[-122.316973,47.631594],[-122.317037,47.631529],[-122.317306,47.631068],[-122.317379,47.630971],[-122.31771,47.6307],[-122.317745,47.630649],[-122.317856,47.630487],[-122.317922,47.630213],[-122.318091,47.62988],[-122.318123,47.629663],[-122.318127,47.629479],[-122.318093,47.629295],[-122.318023,47.629137],[-122.317925,47.629011],[-122.317777,47.628877],[-122.31813,47.62886],[-122.318488,47.628634],[-122.318429,47.628617],[-122.318219,47.628486],[-122.318038,47.628439],[-122.316777,47.628431],[-122.315674,47.628423],[-122.314571,47.628415],[-122.314583,47.627655],[-122.314595,47.626885],[-122.314737,47.626858],[-122.31484,47.626823],[-122.315272,47.62658],[-122.315462,47.626525],[-122.315027,47.626114],[-122.315233,47.624969],[-122.314983,47.624257],[-122.315687,47.624259],[-122.315706,47.623109],[-122.315724,47.621958],[-122.315044,47.621954],[-122.314674,47.621953],[-122.314677,47.621697],[-122.314687,47.621118],[-122.315273,47.621113],[-122.315643,47.621111],[-122.315621,47.619944],[-122.315606,47.618776],[-122.316912,47.618767],[-122.318217,47.618757],[-122.31936,47.618748],[-122.319522,47.618747],[-122.320074,47.618744],[-122.320856,47.618738],[-122.320938,47.618737],[-122.322188,47.618732],[-122.322656,47.618727],[-122.322983,47.618724],[-122.32346,47.618534],[-122.323597,47.618498],[-122.324011,47.618507],[-122.324013,47.619664],[-122.324259,47.619573],[-122.324534,47.619446],[-122.324848,47.619261],[-122.325073,47.619095],[-122.32529,47.618894],[-122.325286,47.618494],[-122.325632,47.61849],[-122.326728,47.618491],[-122.327855,47.618495],[-122.328095,47.618487],[-122.328298,47.61848],[-122.328241,47.618986],[-122.328192,47.619314],[-122.328176,47.619576],[-122.328151,47.620014],[-122.328147,47.620641],[-122.328129,47.621218],[-122.328119,47.62191],[-122.328119,47.621972],[-122.328141,47.624188],[-122.32814,47.624277],[-122.32814,47.624904],[-122.328139,47.625116],[-122.328139,47.625152],[-122.328142,47.625782],[-122.328575,47.625442],[-122.328593,47.626556],[-122.328557,47.626994],[-122.328537,47.627289],[-122.328498,47.627482],[-122.328453,47.627671],[-122.328397,47.627846],[-122.328324,47.628036],[-122.328269,47.62815],[-122.328053,47.628192],[-122.327872,47.628228],[-122.327634,47.628276],[-122.327347,47.628737],[-122.327087,47.629067],[-122.326419,47.629721],[-122.326205,47.62993],[-122.324669,47.631435],[-122.324278,47.631881],[-122.324057,47.632256],[-122.324412,47.632258],[-122.324699,47.632256],[-122.324983,47.632254],[-122.325148,47.632254],[-122.326073,47.632254],[-122.32638,47.63221],[-122.326508,47.632152],[-122.326982,47.631778],[-122.326956,47.632469],[-122.327078,47.63255],[-122.329259,47.633865],[-122.329397,47.633651],[-122.330437,47.63432],[-122.330137,47.63462],[-122.329737,47.63432],[-122.329437,47.63452],[-122.330237,47.63502],[-122.330237,47.63532],[-122.327437,47.63362],[-122.327937,47.63512],[-122.330437,47.63622],[-122.330137,47.63672],[-122.330188,47.638317],[-122.330237,47.63982],[-122.337538,47.63972],[-122.332621,47.644458],[-122.331389,47.645645],[-122.329765,47.647209],[-122.327661,47.649237],[-122.32697,47.649902],[-122.326537,47.65032],[-122.323207,47.652411],[-122.322628,47.652772],[-122.322476,47.652866],[-122.322345,47.652948],[-122.322227,47.653024],[-122.320292,47.652851],[-122.319939,47.652826],[-122.315875,47.649525],[-122.313497,47.647593],[-122.313428,47.647537],[-122.313382,47.6475],[-122.313275,47.647413],[-122.313037,47.64722],[-122.312412,47.647196],[-122.312323,47.647192],[-122.310437,47.64712],[-122.310807,47.644082],[-122.310826,47.643929],[-122.310848,47.643316],[-122.310852,47.643202],[-122.310852,47.64316],[-122.31085,47.643123],[-122.311014,47.643118],[-122.311732,47.643109],[-122.312455,47.643094],[-122.313365,47.643077],[-122.313851,47.642204],[-122.314143,47.64203],[-122.314245,47.641949],[-122.314273,47.641912],[-122.314336,47.641832],[-122.314428,47.641661],[-122.313522,47.641047],[-122.313384,47.640455],[-122.313303,47.640353],[-122.313128,47.640238],[-122.313086,47.640173],[-122.313078,47.640103],[-122.313129,47.640004],[-122.313343,47.639842],[-122.313446,47.639793],[-122.313585,47.639764],[-122.313669,47.639678],[-122.313766,47.639736],[-122.313851,47.63982],[-122.314017,47.640072],[-122.314166,47.640317],[-122.314267,47.640446],[-122.314362,47.640523],[-122.314502,47.640597],[-122.31465,47.640655],[-122.31481,47.640705],[-122.314996,47.640753],[-122.315131,47.640797],[-122.315264,47.640853],[-122.315376,47.640932],[-122.315433,47.641027],[-122.31552,47.641218],[-122.315594,47.641471],[-122.315635,47.641555],[-122.315694,47.641626],[-122.315775,47.641695],[-122.31588,47.641754],[-122.316038,47.641811],[-122.316485,47.641906],[-122.316998,47.642026],[-122.31712,47.642064],[-122.317301,47.642149],[-122.31751,47.642269],[-122.317951,47.64257],[-122.317951,47.641353],[-122.317952,47.640849],[-122.316976,47.640852],[-122.316238,47.640859],[-122.316163,47.640853],[-122.316114,47.640833],[-122.316085,47.64082],[-122.316051,47.640775],[-122.316044,47.640738],[-122.316037,47.639557]]]}},{"type":"Feature","properties":{"STATEFP10":"53","ZCTA5CE10":"98199","GEOID10":"5398199","CLASSFP10":"B5","MTFCC10":"G6350","FUNCSTAT10":"S","ALAND10":10815353,"AWATER10":3889313,"INTPTLAT10":"+47.6513707","INTPTLON10":"-122.4073486","PARTFLG10":"N"},"geometry":{"type":"Polygon","coordinates":[[[-122.381991,47.65033],[-122.382014,47.648459],[-122.381867,47.648456],[-122.381448,47.648457],[-122.381369,47.648458],[-122.380958,47.648463],[-122.380668,47.648459],[-122.380422,47.648463],[-122.380217,47.648463],[-122.380507,47.640804],[-122.380506,47.640718],[-122.380477,47.639841],[-122.380397,47.637551],[-122.380442,47.636126],[-122.380351,47.635589],[-122.380202,47.635184],[-122.380077,47.634966],[-122.379904,47.634721],[-122.379654,47.634413],[-122.378968,47.633677],[-122.379204,47.633578],[-122.379074,47.633442],[-122.380018,47.633493],[-122.380379,47.633492],[-122.381539,47.633489],[-122.382114,47.633472],[-122.382259,47.633488],[-122.382708,47.633486],[-122.383158,47.633485],[-122.385826,47.633479],[-122.386568,47.633477],[-122.386995,47.633476],[-122.387606,47.633474],[-122.387859,47.633463],[-122.388117,47.63343],[-122.388288,47.633395],[-122.388451,47.633349],[-122.388674,47.633258],[-122.38876,47.633224],[-122.388923,47.63314],[-122.389105,47.633019],[-122.389317,47.632858],[-122.389504,47.632732],[-122.389833,47.632541],[-122.390006,47.632471],[-122.390347,47.632382],[-122.390624,47.632339],[-122.390845,47.632327],[-122.391159,47.632323],[-122.391119,47.63171],[-122.390362,47.631651],[-122.390059,47.631612],[-122.389964,47.631413],[-122.389662,47.631387],[-122.389681,47.631319],[-122.389662,47.631181],[-122.389636,47.630659],[-122.389488,47.627582],[-122.389532,47.627451],[-122.389747,47.626866],[-122.389747,47.625656],[-122.393662,47.626691],[-122.398645,47.628009],[-122.398949,47.628088],[-122.40602,47.629946],[-122.408669,47.631443],[-122.416393,47.635808],[-122.417644,47.636515],[-122.420519,47.639968],[-122.42176,47.641937],[-122.422391,47.644999],[-122.422517,47.64561],[-122.423018,47.64839],[-122.424389,47.649903],[-122.425431,47.651053],[-122.431581,47.655178],[-122.431917,47.655384],[-122.43873,47.657886],[-122.441231,47.660834],[-122.440106,47.664202],[-122.436979,47.665971],[-122.431234,47.667356],[-122.425243,47.673274],[-122.419548,47.678899],[-122.414259,47.675691],[-122.413501,47.675231],[-122.411088,47.673767],[-122.408385,47.672128],[-122.40804,47.671919],[-122.406673,47.670744],[-122.406716,47.670366],[-122.406027,47.669032],[-122.405716,47.66858],[-122.405335,47.668026],[-122.40435,47.667172],[-122.403623,47.666714],[-122.403514,47.66666],[-122.402732,47.666273],[-122.402046,47.666072],[-122.393682,47.66368],[-122.392511,47.664015],[-122.392223,47.663976],[-122.39122,47.663839],[-122.391162,47.663582],[-122.391046,47.66357],[-122.390907,47.663557],[-122.390642,47.663396],[-122.390514,47.66318],[-122.390466,47.662865],[-122.384654,47.660929],[-122.382343,47.658915],[-122.38263,47.657692],[-122.382629,47.656831],[-122.382616,47.65678],[-122.382542,47.656678],[-122.382514,47.656628],[-122.382502,47.656573],[-122.382497,47.656473],[-122.382502,47.655995],[-122.382426,47.655807],[-122.382611,47.655807],[-122.382616,47.65569],[-122.38259,47.655568],[-122.382564,47.655521],[-122.382535,47.655488],[-122.382485,47.655449],[-122.382142,47.655233],[-122.382016,47.655183],[-122.381848,47.655132],[-122.381773,47.655118],[-122.381532,47.655082],[-122.381233,47.655056],[-122.381133,47.655058],[-122.381141,47.654645],[-122.381146,47.654515],[-122.381163,47.654481],[-122.381344,47.654339],[-122.381189,47.654228],[-122.38105,47.654142],[-122.38089,47.654071],[-122.380607,47.653995],[-122.380606,47.653994],[-122.383625,47.653982],[-122.384618,47.653977],[-122.383234,47.652154],[-122.381992,47.650518],[-122.381991,47.65033]]]}},{"type":"Feature","properties":{"STATEFP10":"53","ZCTA5CE10":"98118","GEOID10":"5398118","CLASSFP10":"B5","MTFCC10":"G6350","FUNCSTAT10":"S","ALAND10":16178230,"AWATER10":6840313,"INTPTLAT10":"+47.5402459","INTPTLON10":"-122.2685446","PARTFLG10":"N"},"geometry":{"type":"Polygon","coordinates":[[[-122.294202,47.537692],[-122.294349,47.537626],[-122.29443,47.537591],[-122.29444,47.537574],[-122.294586,47.537671],[-122.294525,47.537711],[-122.294493,47.537774],[-122.294528,47.537827],[-122.295686,47.538588],[-122.295719,47.538617],[-122.29578,47.538633],[-122.295849,47.538636],[-122.295892,47.538664],[-122.295893,47.538705],[-122.295856,47.538738],[-122.295794,47.538761],[-122.296084,47.538956],[-122.294069,47.538917],[-122.291573,47.538868],[-122.291519,47.538867],[-122.291513,47.538971],[-122.291337,47.539246],[-122.291211,47.539351],[-122.290897,47.539475],[-122.290572,47.539538],[-122.290366,47.539634],[-122.290275,47.539715],[-122.290201,47.539815],[-122.290149,47.539947],[-122.290136,47.54001],[-122.290151,47.540062],[-122.290194,47.540152],[-122.290319,47.540328],[-122.290572,47.54069],[-122.290596,47.540724],[-122.291471,47.540725],[-122.29147,47.540669],[-122.291464,47.540324],[-122.292409,47.540321],[-122.293313,47.540318],[-122.293315,47.540629],[-122.293316,47.540724],[-122.293314,47.541319],[-122.292692,47.54132],[-122.291159,47.541323],[-122.291011,47.541329],[-122.291439,47.541919],[-122.291685,47.542282],[-122.291868,47.542541],[-122.291912,47.542581],[-122.291963,47.542605],[-122.292066,47.542639],[-122.292158,47.54265],[-122.29279,47.54265],[-122.292777,47.543607],[-122.29277,47.544245],[-122.292775,47.544287],[-122.292796,47.544315],[-122.292651,47.544373],[-122.292618,47.544397],[-122.292472,47.544375],[-122.292381,47.544352],[-122.292275,47.544338],[-122.292119,47.544336],[-122.291912,47.544354],[-122.29176,47.544356],[-122.291712,47.544369],[-122.291522,47.544379],[-122.291553,47.546134],[-122.291555,47.547965],[-122.291557,47.549795],[-122.291558,47.550953],[-122.291559,47.55249],[-122.29156,47.553456],[-122.291557,47.554553],[-122.291556,47.555292],[-122.291559,47.555638],[-122.291553,47.557009],[-122.29157,47.557066],[-122.291595,47.557086],[-122.291741,47.557101],[-122.292021,47.557097],[-122.292438,47.5571],[-122.292477,47.557111],[-122.292514,47.557129],[-122.292536,47.557149],[-122.292549,47.557161],[-122.292566,47.5572],[-122.292589,47.557803],[-122.292583,47.557865],[-122.292562,47.557878],[-122.292551,47.557884],[-122.292515,47.557889],[-122.291594,47.557865],[-122.29149,47.557863],[-122.292017,47.558669],[-122.292048,47.558718],[-122.292444,47.559342],[-122.292464,47.559374],[-122.29258,47.559558],[-122.29334,47.560772],[-122.293365,47.560813],[-122.292582,47.560792],[-122.291496,47.560764],[-122.291016,47.560762],[-122.29101,47.561408],[-122.291497,47.561839],[-122.291564,47.561971],[-122.291678,47.562066],[-122.291753,47.562082],[-122.291834,47.562078],[-122.292022,47.562616],[-122.292057,47.562834],[-122.291855,47.562833],[-122.29204,47.563499],[-122.292321,47.564021],[-122.292433,47.564386],[-122.292443,47.564423],[-122.292433,47.564432],[-122.291665,47.564417],[-122.291525,47.564503],[-122.291443,47.564527],[-122.291358,47.564544],[-122.29115,47.564576],[-122.291148,47.564591],[-122.29149,47.565871],[-122.291571,47.566174],[-122.291605,47.566276],[-122.291623,47.56646],[-122.291614,47.566667],[-122.291616,47.56686],[-122.291632,47.567021],[-122.291634,47.567172],[-122.29161,47.56731],[-122.291607,47.56743],[-122.291619,47.567699],[-122.291637,47.567762],[-122.291667,47.567826],[-122.291713,47.567886],[-122.291761,47.567936],[-122.291811,47.567968],[-122.291838,47.567985],[-122.291909,47.568019],[-122.291935,47.568023],[-122.292075,47.570186],[-122.291995,47.570405],[-122.291666,47.570207],[-122.291025,47.569936],[-122.290701,47.569769],[-122.289955,47.569766],[-122.288909,47.569764],[-122.288286,47.569762],[-122.287209,47.569773],[-122.28611,47.569783],[-122.285548,47.569774],[-122.285024,47.569771],[-122.283946,47.569766],[-122.283409,47.569763],[-122.282871,47.56976],[-122.282872,47.570679],[-122.282437,47.570695],[-122.28223,47.570654],[-122.281741,47.570647],[-122.281728,47.570656],[-122.281676,47.570678],[-122.281618,47.570688],[-122.28153,47.570694],[-122.281279,47.570677],[-122.280753,47.570682],[-122.280005,47.570644],[-122.2799,47.570484],[-122.279789,47.57033],[-122.279647,47.570203],[-122.2795,47.570121],[-122.279362,47.570067],[-122.279179,47.570025],[-122.27901,47.570018],[-122.277683,47.570024],[-122.277612,47.570296],[-122.277326,47.570398],[-122.277208,47.570558],[-122.276871,47.570706],[-122.276635,47.570762],[-122.274473,47.571499],[-122.262258,47.575662],[-122.262134,47.575921],[-122.254496,47.566847],[-122.252034,47.563921],[-122.250034,47.562521],[-122.244034,47.559621],[-122.240934,47.555421],[-122.241509,47.553572],[-122.242834,47.549321],[-122.245278,47.545636],[-122.248818,47.540302],[-122.249734,47.538921],[-122.249711,47.538513],[-122.24969,47.538139],[-122.249654,47.537512],[-122.249333,47.531821],[-122.240733,47.522921],[-122.23807,47.521323],[-122.248582,47.514519],[-122.249569,47.513881],[-122.250515,47.513251],[-122.2505,47.513246],[-122.24969,47.512618],[-122.24873,47.511882],[-122.248576,47.511762],[-122.248354,47.511589],[-122.248356,47.511513],[-122.248411,47.509965],[-122.248389,47.509781],[-122.248367,47.509704],[-122.248345,47.509627],[-122.248209,47.509398],[-122.247874,47.508878],[-122.247855,47.508779],[-122.24787,47.508718],[-122.247905,47.508666],[-122.247954,47.508631],[-122.248057,47.508605],[-122.248158,47.508604],[-122.248253,47.508626],[-122.248349,47.508681],[-122.24905,47.509545],[-122.24912,47.509726],[-122.249119,47.50973],[-122.249081,47.510098],[-122.249092,47.510159],[-122.24913,47.510224],[-122.249203,47.510292],[-122.249323,47.51034],[-122.249446,47.510383],[-122.249733,47.510463],[-122.249966,47.510499],[-122.250165,47.510611],[-122.250245,47.510657],[-122.249424,47.511137],[-122.250136,47.511685],[-122.250248,47.511778],[-122.250734,47.51218],[-122.250834,47.512259],[-122.251424,47.51272],[-122.251536,47.512654],[-122.251721,47.512382],[-122.252225,47.512147],[-122.25234,47.512093],[-122.252345,47.511644],[-122.253522,47.51165],[-122.2547,47.511656],[-122.255877,47.511663],[-122.257054,47.511669],[-122.258232,47.511675],[-122.259387,47.511682],[-122.259403,47.51012],[-122.260297,47.510715],[-122.261888,47.511761],[-122.262066,47.51188],[-122.262067,47.51173],[-122.262078,47.510554],[-122.262086,47.509686],[-122.263066,47.509682],[-122.263329,47.509681],[-122.263641,47.509681],[-122.264747,47.509638],[-122.264731,47.511815],[-122.267321,47.511825],[-122.26761,47.511827],[-122.267621,47.510818],[-122.270062,47.510807],[-122.270061,47.510963],[-122.27102,47.510968],[-122.27102,47.511193],[-122.272279,47.51119],[-122.272237,47.511106],[-122.273944,47.511134],[-122.275163,47.511154],[-122.275158,47.511292],[-122.278613,47.512104],[-122.278449,47.510718],[-122.278418,47.509806],[-122.282448,47.510023],[-122.283036,47.510045],[-122.283436,47.510055],[-122.283739,47.510063],[-122.284861,47.51015],[-122.28577,47.510221],[-122.28625,47.510219],[-122.287677,47.510193],[-122.291369,47.510153],[-122.291335,47.510838],[-122.291325,47.511627],[-122.291312,47.513415],[-122.291306,47.513592],[-122.291305,47.513673],[-122.291305,47.513744],[-122.291303,47.513885],[-122.291287,47.51489],[-122.291262,47.517936],[-122.291258,47.518514],[-122.291264,47.519259],[-122.291265,47.519957],[-122.291269,47.521399],[-122.291239,47.52149],[-122.291278,47.521559],[-122.291273,47.522901],[-122.291265,47.524114],[-122.291268,47.524382],[-122.291344,47.524379],[-122.291777,47.524394],[-122.293347,47.524421],[-122.293634,47.524422],[-122.293694,47.524568],[-122.29454,47.526384],[-122.296187,47.52996],[-122.296106,47.529972],[-122.295931,47.530009],[-122.295864,47.530023],[-122.295397,47.530116],[-122.29485,47.530224],[-122.294458,47.530309],[-122.293605,47.528604],[-122.293459,47.528645],[-122.293389,47.528698],[-122.293359,47.528751],[-122.293367,47.528812],[-122.293483,47.529067],[-122.293504,47.529128],[-122.29348,47.52918],[-122.293423,47.529216],[-122.293174,47.529289],[-122.292734,47.528245],[-122.292261,47.527047],[-122.291006,47.53213],[-122.290801,47.532185],[-122.2908,47.532381],[-122.290793,47.533066],[-122.289183,47.533058],[-122.28955,47.533746],[-122.289673,47.533977],[-122.289692,47.534014],[-122.290006,47.534434],[-122.290412,47.534845],[-122.290708,47.53507],[-122.290922,47.53522],[-122.291206,47.535419],[-122.291625,47.535699],[-122.291518,47.535774],[-122.29141,47.535848],[-122.291359,47.535928],[-122.291357,47.536692],[-122.291364,47.537019],[-122.291498,47.537014],[-122.29263,47.537045],[-122.293001,47.537065],[-122.293051,47.53704],[-122.293096,47.536972],[-122.293845,47.53746],[-122.294202,47.537692]]]}},{"type":"Feature","properties":{"STATEFP10":"53","ZCTA5CE10":"98115","GEOID10":"5398115","CLASSFP10":"B5","MTFCC10":"G6350","FUNCSTAT10":"S","ALAND10":17051603,"AWATER10":5468537,"INTPTLAT10":"+47.6857460","INTPTLON10":"-122.2815885","PARTFLG10":"N"},"geometry":{"type":"Polygon","coordinates":[[[-122.271619,47.672128],[-122.272698,47.672128],[-122.272754,47.672129],[-122.273846,47.672132],[-122.273919,47.671974],[-122.274011,47.671881],[-122.27413,47.671804],[-122.27427,47.671745],[-122.274426,47.671707],[-122.274548,47.671693],[-122.274713,47.671695],[-122.275116,47.671776],[-122.275105,47.671887],[-122.275184,47.671985],[-122.275019,47.672127],[-122.274874,47.672293],[-122.274786,47.672424],[-122.274699,47.672607],[-122.274646,47.672796],[-122.27463,47.672939],[-122.274635,47.673084],[-122.274673,47.673274],[-122.275865,47.673194],[-122.276281,47.673149],[-122.276606,47.673087],[-122.276919,47.673003],[-122.277218,47.672897],[-122.277546,47.672746],[-122.278037,47.672467],[-122.278291,47.672358],[-122.278561,47.67227],[-122.278845,47.672205],[-122.279213,47.672156],[-122.279496,47.672146],[-122.280838,47.672146],[-122.28218,47.672146],[-122.283523,47.672146],[-122.284865,47.672146],[-122.285786,47.672146],[-122.286898,47.672146],[-122.288011,47.672146],[-122.288574,47.672146],[-122.289123,47.672146],[-122.290235,47.672146],[-122.290776,47.672146],[-122.291143,47.672146],[-122.291431,47.672146],[-122.291433,47.670321],[-122.292643,47.670322],[-122.29264,47.672146],[-122.293158,47.672147],[-122.293253,47.672147],[-122.29385,47.672147],[-122.294308,47.672147],[-122.294742,47.672147],[-122.29506,47.672147],[-122.295364,47.672147],[-122.296229,47.67215],[-122.296419,47.67215],[-122.297475,47.672148],[-122.29853,47.672148],[-122.299585,47.672148],[-122.300641,47.672148],[-122.300781,47.672149],[-122.301474,47.67215],[-122.301525,47.672151],[-122.301595,47.672134],[-122.301646,47.672104],[-122.301725,47.67207],[-122.30241,47.672067],[-122.302607,47.672103],[-122.302794,47.672103],[-122.302959,47.672103],[-122.302074,47.671522],[-122.301883,47.671397],[-122.30129,47.670656],[-122.301088,47.670656],[-122.301095,47.6701],[-122.301074,47.668522],[-122.301155,47.668522],[-122.3015,47.668484],[-122.301532,47.668478],[-122.301729,47.66844],[-122.303242,47.66806],[-122.303391,47.668024],[-122.303846,47.667921],[-122.303856,47.66798],[-122.303874,47.668234],[-122.303918,47.668713],[-122.303981,47.669196],[-122.304005,47.669378],[-122.304038,47.66946],[-122.303918,47.669544],[-122.30391,47.669559],[-122.303901,47.669576],[-122.30388,47.66985],[-122.303901,47.669935],[-122.303919,47.669957],[-122.303955,47.670001],[-122.304028,47.670054],[-122.304131,47.670099],[-122.305837,47.670523],[-122.306499,47.670672],[-122.3065,47.670722],[-122.306511,47.67262],[-122.309779,47.67381],[-122.310274,47.673941],[-122.310412,47.673973],[-122.311764,47.673985],[-122.311919,47.673977],[-122.311907,47.672104],[-122.31228,47.671807],[-122.312905,47.67133],[-122.31298,47.67125],[-122.313015,47.671203],[-122.313381,47.671207],[-122.314056,47.671357],[-122.314176,47.671451],[-122.314324,47.671553],[-122.315782,47.671897],[-122.317365,47.672267],[-122.317365,47.672013],[-122.318783,47.672336],[-122.318872,47.672261],[-122.318995,47.672211],[-122.320062,47.672222],[-122.320796,47.672227],[-122.32097,47.672225],[-122.321326,47.672224],[-122.321597,47.67224],[-122.321768,47.67225],[-122.321807,47.672252],[-122.321978,47.672262],[-122.322107,47.67227],[-122.322288,47.672308],[-122.322316,47.672268],[-122.322372,47.672241],[-122.322822,47.672243],[-122.323448,47.672246],[-122.324461,47.672253],[-122.325226,47.672258],[-122.325495,47.67226],[-122.325503,47.672022],[-122.325521,47.671548],[-122.328225,47.671567],[-122.328218,47.671994],[-122.328214,47.67228],[-122.328205,47.672862],[-122.328193,47.67363],[-122.32818,47.674398],[-122.328168,47.675165],[-122.328156,47.675933],[-122.329612,47.675948],[-122.329465,47.677558],[-122.328351,47.677511],[-122.328279,47.678309],[-122.327849,47.678329],[-122.327513,47.678368],[-122.327179,47.678433],[-122.326838,47.678555],[-122.326594,47.678671],[-122.32644,47.678767],[-122.326309,47.678868],[-122.326266,47.678903],[-122.325945,47.679224],[-122.325771,47.679594],[-122.325713,47.679718],[-122.325714,47.679815],[-122.325748,47.680101],[-122.325827,47.680291],[-122.32594,47.680475],[-122.326132,47.680709],[-122.326441,47.681003],[-122.326678,47.681139],[-122.32749,47.681656],[-122.328259,47.682148],[-122.328572,47.682321],[-122.328774,47.68241],[-122.329059,47.682512],[-122.329358,47.682594],[-122.329586,47.68264],[-122.329437,47.683017],[-122.329346,47.683251],[-122.3283,47.683239],[-122.3283,47.683339],[-122.328308,47.685044],[-122.328334,47.686848],[-122.327396,47.686829],[-122.326989,47.686815],[-122.326591,47.686806],[-122.326291,47.686799],[-122.326649,47.687079],[-122.327129,47.687472],[-122.327416,47.687708],[-122.32765,47.687927],[-122.327855,47.688145],[-122.328137,47.688463],[-122.328257,47.688627],[-122.328498,47.688955],[-122.328771,47.689415],[-122.328894,47.689671],[-122.329063,47.690091],[-122.329136,47.690368],[-122.328961,47.690293],[-122.328889,47.690246],[-122.328908,47.690289],[-122.328956,47.690446],[-122.328957,47.690447],[-122.329033,47.690838],[-122.329075,47.691141],[-122.329094,47.691514],[-122.329085,47.692079],[-122.329033,47.693527],[-122.32903,47.694199],[-122.329023,47.695914],[-122.32936,47.695919],[-122.32944,47.696571],[-122.329867,47.700065],[-122.329895,47.700328],[-122.329941,47.70076],[-122.329961,47.70127],[-122.329963,47.701439],[-122.329686,47.701436],[-122.329289,47.701432],[-122.328794,47.701384],[-122.328682,47.701356],[-122.328481,47.701362],[-122.328482,47.701816],[-122.328527,47.703178],[-122.327255,47.703169],[-122.327422,47.702887],[-122.32741,47.70246],[-122.327384,47.701829],[-122.327363,47.701651],[-122.327287,47.701353],[-122.325816,47.701343],[-122.324266,47.701331],[-122.323129,47.701323],[-122.320703,47.701306],[-122.32041,47.701304],[-122.317692,47.701286],[-122.317212,47.701282],[-122.314973,47.701267],[-122.314955,47.700813],[-122.312946,47.700746],[-122.312675,47.700977],[-122.312636,47.70125],[-122.312255,47.701248],[-122.311326,47.701237],[-122.311117,47.701237],[-122.310926,47.701238],[-122.309587,47.701227],[-122.307687,47.701235],[-122.306921,47.701223],[-122.306634,47.701198],[-122.306148,47.701182],[-122.305803,47.701179],[-122.304631,47.701172],[-122.303953,47.701204],[-122.303267,47.701226],[-122.302871,47.701216],[-122.302553,47.70117],[-122.301155,47.70116],[-122.299923,47.701155],[-122.299716,47.701154],[-122.299762,47.700685],[-122.296038,47.700667],[-122.293906,47.700657],[-122.293802,47.701131],[-122.293425,47.70113],[-122.293414,47.700863],[-122.292823,47.70065],[-122.290683,47.700675],[-122.290704,47.70112],[-122.289774,47.701111],[-122.289441,47.701107],[-122.289324,47.701106],[-122.288041,47.701094],[-122.287976,47.701093],[-122.286613,47.701079],[-122.285377,47.701067],[-122.285351,47.700154],[-122.284947,47.700148],[-122.284584,47.700097],[-122.283909,47.700091],[-122.283121,47.700084],[-122.283284,47.700247],[-122.283729,47.700774],[-122.283837,47.700858],[-122.284073,47.700991],[-122.284137,47.701055],[-122.284213,47.701132],[-122.284282,47.701296],[-122.284323,47.70264],[-122.283518,47.702294],[-122.283236,47.702129],[-122.283175,47.70208],[-122.283117,47.702032],[-122.282983,47.701891],[-122.282881,47.701738],[-122.282874,47.701722],[-122.282274,47.701883],[-122.281818,47.701075],[-122.281728,47.701132],[-122.281451,47.701308],[-122.28139,47.701193],[-122.281302,47.70103],[-122.28005,47.701253],[-122.28005,47.701153],[-122.278916,47.701148],[-122.278914,47.701222],[-122.278904,47.70188],[-122.278306,47.701886],[-122.278307,47.70201],[-122.277683,47.701998],[-122.277696,47.701245],[-122.277698,47.701146],[-122.276479,47.701136],[-122.275262,47.701126],[-122.273829,47.701115],[-122.273603,47.701115],[-122.273912,47.701847],[-122.27429,47.702758],[-122.274339,47.70288],[-122.274185,47.702856],[-122.274125,47.702848],[-122.27373,47.702843],[-122.273215,47.702844],[-122.272327,47.701213],[-122.271418,47.697345],[-122.254136,47.69782],[-122.243935,47.69222],[-122.231835,47.69012],[-122.230579,47.684915],[-122.226235,47.66692],[-122.231435,47.66412],[-122.249941,47.673054],[-122.251244,47.673683],[-122.252256,47.674153],[-122.253405,47.674493],[-122.253986,47.674473],[-122.254404,47.674065],[-122.254647,47.673771],[-122.254847,47.673528],[-122.254949,47.673406],[-122.255306,47.672978],[-122.255711,47.672507],[-122.256137,47.672003],[-122.256306,47.672068],[-122.258129,47.672079],[-122.259569,47.672085],[-122.26081,47.672088],[-122.260988,47.672089],[-122.262167,47.672095],[-122.263475,47.672101],[-122.264584,47.672105],[-122.266167,47.672111],[-122.268029,47.672113],[-122.268568,47.671724],[-122.268682,47.671794],[-122.268231,47.672117],[-122.270412,47.672123],[-122.270816,47.672125],[-122.271226,47.672126],[-122.27147,47.672127],[-122.271619,47.672128]]]}},{"type":"Feature","properties":{"STATEFP10":"53","ZCTA5CE10":"98134","GEOID10":"5398134","CLASSFP10":"B5","MTFCC10":"G6350","FUNCSTAT10":"S","ALAND10":8738521,"AWATER10":1888144,"INTPTLAT10":"+47.5775985","INTPTLON10":"-122.3380449","PARTFLG10":"N"},"geometry":{"type":"Polygon","coordinates":[[[-122.326738,47.567166],[-122.326734,47.566846],[-122.326816,47.566881],[-122.327084,47.566992],[-122.32718,47.567035],[-122.327463,47.567159],[-122.328041,47.567159],[-122.328415,47.567137],[-122.329376,47.567144],[-122.329421,47.56699],[-122.329444,47.566811],[-122.329424,47.566249],[-122.32943,47.564667],[-122.329399,47.563101],[-122.329363,47.562842],[-122.329352,47.561917],[-122.329356,47.56158],[-122.329365,47.561317],[-122.329387,47.560634],[-122.329434,47.559487],[-122.32946,47.558873],[-122.329514,47.557563],[-122.329533,47.555651],[-122.33091,47.555668],[-122.332367,47.555681],[-122.334217,47.555678],[-122.335287,47.555692],[-122.335291,47.554961],[-122.335292,47.554912],[-122.3353,47.554184],[-122.335307,47.553441],[-122.336952,47.553438],[-122.336579,47.55271],[-122.336154,47.551917],[-122.335779,47.551202],[-122.335166,47.550094],[-122.33534,47.550078],[-122.336418,47.54999],[-122.338248,47.549855],[-122.338455,47.550495],[-122.338454,47.550734],[-122.33814,47.55305],[-122.337919,47.553963],[-122.337749,47.554065],[-122.337446,47.554142],[-122.337334,47.554172],[-122.338131,47.555743],[-122.338277,47.555751],[-122.33839,47.555758],[-122.339611,47.555826],[-122.34166,47.555884],[-122.341704,47.555904],[-122.341709,47.556052],[-122.342737,47.55622],[-122.345351,47.560169],[-122.347237,47.56302],[-122.347323,47.564014],[-122.347365,47.564493],[-122.347428,47.565224],[-122.347438,47.565328],[-122.346796,47.566647],[-122.346671,47.566903],[-122.346548,47.56722],[-122.345746,47.569295],[-122.345195,47.570738],[-122.34516,47.570816],[-122.345108,47.570952],[-122.345055,47.571087],[-122.345306,47.571061],[-122.346195,47.570971],[-122.346232,47.570888],[-122.34627,47.570806],[-122.346288,47.570766],[-122.346272,47.570744],[-122.346172,47.570606],[-122.346032,47.570453],[-122.346082,47.570222],[-122.346216,47.569887],[-122.346472,47.569277],[-122.346709,47.56923],[-122.347737,47.569212],[-122.348408,47.569328],[-122.34881,47.569346],[-122.348809,47.569418],[-122.349042,47.569547],[-122.349297,47.56969],[-122.349325,47.569705],[-122.350157,47.570245],[-122.350367,47.570438],[-122.350579,47.570535],[-122.350802,47.5706],[-122.350944,47.570577],[-122.351052,47.570506],[-122.351159,47.570458],[-122.3513,47.570459],[-122.351371,47.570484],[-122.351429,47.570516],[-122.351427,47.5707],[-122.35171,47.570745],[-122.352013,47.57095],[-122.352205,47.57108],[-122.35239,47.571205],[-122.352689,47.571379],[-122.352886,47.571377],[-122.353714,47.571377],[-122.354431,47.571377],[-122.354727,47.571592],[-122.355002,47.571738],[-122.355044,47.571774],[-122.355074,47.571801],[-122.355292,47.571912],[-122.355303,47.571831],[-122.356023,47.572224],[-122.355978,47.572267],[-122.356295,47.572472],[-122.356128,47.57259],[-122.356459,47.572854],[-122.356743,47.572864],[-122.357044,47.573027],[-122.35784,47.573602],[-122.357559,47.574063],[-122.357751,47.574182],[-122.358208,47.574466],[-122.359368,47.574649],[-122.359612,47.574771],[-122.359978,47.584699],[-122.360017,47.585744],[-122.360041,47.586398],[-122.360053,47.587377],[-122.360105,47.591537],[-122.349837,47.593914],[-122.346513,47.59567],[-122.344837,47.59922],[-122.339516,47.59922],[-122.337237,47.59922],[-122.335911,47.599206],[-122.335669,47.599205],[-122.335557,47.599205],[-122.335561,47.598291],[-122.33551,47.5978],[-122.335316,47.597477],[-122.335066,47.597176],[-122.334719,47.596779],[-122.334446,47.596467],[-122.334383,47.596467],[-122.33433,47.596467],[-122.334253,47.596467],[-122.334194,47.596467],[-122.334195,47.596314],[-122.333971,47.596061],[-122.33383,47.5959],[-122.333277,47.595275],[-122.333265,47.592544],[-122.333265,47.592497],[-122.333259,47.592408],[-122.330459,47.592409],[-122.329993,47.592408],[-122.329051,47.592403],[-122.329051,47.592443],[-122.329181,47.592519],[-122.329314,47.592616],[-122.329432,47.592726],[-122.329518,47.592821],[-122.329608,47.592946],[-122.329663,47.593055],[-122.329699,47.593164],[-122.329721,47.593283],[-122.329718,47.593416],[-122.329703,47.593529],[-122.329625,47.593966],[-122.329582,47.59409],[-122.32952,47.594137],[-122.329456,47.594167],[-122.329372,47.594191],[-122.329247,47.594207],[-122.329049,47.594217],[-122.329048,47.596484],[-122.329022,47.597594],[-122.32817,47.597581],[-122.328071,47.597569],[-122.327996,47.597559],[-122.327919,47.597542],[-122.327951,47.597475],[-122.328013,47.597418],[-122.328076,47.597352],[-122.328105,47.597292],[-122.328105,47.596555],[-122.328106,47.596505],[-122.328167,47.596354],[-122.328192,47.596271],[-122.328189,47.596041],[-122.327718,47.59581],[-122.327362,47.595835],[-122.326376,47.595835],[-122.32507,47.595833],[-122.323766,47.595831],[-122.32246,47.595829],[-122.321474,47.59583],[-122.321193,47.595829],[-122.32105,47.595829],[-122.320935,47.595829],[-122.320737,47.595828],[-122.320482,47.595828],[-122.320251,47.595826],[-122.319942,47.595824],[-122.319731,47.595824],[-122.319533,47.595823],[-122.319253,47.595823],[-122.319272,47.595686],[-122.319312,47.595493],[-122.319352,47.595385],[-122.319397,47.595263],[-122.319515,47.595007],[-122.319637,47.594762],[-122.319705,47.594625],[-122.319793,47.594423],[-122.319834,47.594302],[-122.319918,47.594289],[-122.320156,47.594245],[-122.320539,47.594173],[-122.320599,47.593888],[-122.320619,47.593778],[-122.320628,47.593719],[-122.320033,47.593885],[-122.320058,47.593797],[-122.320074,47.593754],[-122.320329,47.593073],[-122.320447,47.592655],[-122.32054,47.592244],[-122.320606,47.591784],[-122.320642,47.591395],[-122.32065,47.591193],[-122.320631,47.59052],[-122.320605,47.590189],[-122.320504,47.589811],[-122.320506,47.590297],[-122.320447,47.590737],[-122.320344,47.59129],[-122.318577,47.590457],[-122.317282,47.590559],[-122.317282,47.589986],[-122.317949,47.589985],[-122.317944,47.589832],[-122.317908,47.588435],[-122.317669,47.588435],[-122.317995,47.58638],[-122.317226,47.584764],[-122.317224,47.584752],[-122.317174,47.584625],[-122.317176,47.584551],[-122.317233,47.5839],[-122.317303,47.583705],[-122.318421,47.584839],[-122.318466,47.584885],[-122.318598,47.585082],[-122.318792,47.585395],[-122.318896,47.585546],[-122.319009,47.585657],[-122.319151,47.585763],[-122.319306,47.585865],[-122.319493,47.585951],[-122.319649,47.58601],[-122.319847,47.586059],[-122.32006,47.586087],[-122.319949,47.584618],[-122.319869,47.58398],[-122.319743,47.583354],[-122.319674,47.583044],[-122.319557,47.582524],[-122.319068,47.580584],[-122.318994,47.580151],[-122.318962,47.579638],[-122.318966,47.579208],[-122.319049,47.578543],[-122.319208,47.57784],[-122.31953,47.577787],[-122.319537,47.577756],[-122.319658,47.577268],[-122.31976,47.576891],[-122.319852,47.57634],[-122.319896,47.575963],[-122.320063,47.57309],[-122.320091,47.572433],[-122.320096,47.572316],[-122.320124,47.571863],[-122.320132,47.571726],[-122.320163,47.571199],[-122.320207,47.570723],[-122.320213,47.570643],[-122.320284,47.570243],[-122.320324,47.569825],[-122.320429,47.569146],[-122.320533,47.568611],[-122.320834,47.567206],[-122.320987,47.56721],[-122.321296,47.567205],[-122.321256,47.568861],[-122.321274,47.569049],[-122.321352,47.569833],[-122.321724,47.569831],[-122.321844,47.56983],[-122.322714,47.569827],[-122.324054,47.569814],[-122.324083,47.570658],[-122.324743,47.570653],[-122.325984,47.57062],[-122.325993,47.57037],[-122.326079,47.570169],[-122.326333,47.569886],[-122.326614,47.569669],[-122.326708,47.569561],[-122.326765,47.569422],[-122.326794,47.569192],[-122.326779,47.568918],[-122.326759,47.568043],[-122.326738,47.567166]]]}},{"type":"Feature","properties":{"STATEFP10":"53","ZCTA5CE10":"98178","GEOID10":"5398178","CLASSFP10":"B5","MTFCC10":"G6350","FUNCSTAT10":"S","ALAND10":12564278,"AWATER10":2636151,"INTPTLAT10":"+47.4993867","INTPTLON10":"-122.2438513","PARTFLG10":"N"},"geometry":{"type":"Polygon","coordinates":[[[-122.270062,47.510807],[-122.267621,47.510818],[-122.26761,47.511827],[-122.267321,47.511825],[-122.264731,47.511815],[-122.264747,47.509638],[-122.263641,47.509681],[-122.263329,47.509681],[-122.263066,47.509682],[-122.262086,47.509686],[-122.262078,47.510554],[-122.262067,47.51173],[-122.262066,47.51188],[-122.261888,47.511761],[-122.260297,47.510715],[-122.259403,47.51012],[-122.259387,47.511682],[-122.258232,47.511675],[-122.257054,47.511669],[-122.255877,47.511663],[-122.2547,47.511656],[-122.253522,47.51165],[-122.252345,47.511644],[-122.25234,47.512093],[-122.252225,47.512147],[-122.251721,47.512382],[-122.251536,47.512654],[-122.251424,47.51272],[-122.250834,47.512259],[-122.250734,47.51218],[-122.250248,47.511778],[-122.250136,47.511685],[-122.249424,47.511137],[-122.250245,47.510657],[-122.250165,47.510611],[-122.249966,47.510499],[-122.249733,47.510463],[-122.249446,47.510383],[-122.249323,47.51034],[-122.249203,47.510292],[-122.24913,47.510224],[-122.249092,47.510159],[-122.249081,47.510098],[-122.249119,47.50973],[-122.24912,47.509726],[-122.24905,47.509545],[-122.248349,47.508681],[-122.248253,47.508626],[-122.248158,47.508604],[-122.248057,47.508605],[-122.247954,47.508631],[-122.247905,47.508666],[-122.24787,47.508718],[-122.247855,47.508779],[-122.247874,47.508878],[-122.248209,47.509398],[-122.248345,47.509627],[-122.248367,47.509704],[-122.248389,47.509781],[-122.248411,47.509965],[-122.248356,47.511513],[-122.248354,47.511589],[-122.248576,47.511762],[-122.24873,47.511882],[-122.24969,47.512618],[-122.2505,47.513246],[-122.250515,47.513251],[-122.249569,47.513881],[-122.248582,47.514519],[-122.23807,47.521323],[-122.233233,47.518421],[-122.227165,47.520702],[-122.225394,47.521368],[-122.216719,47.501548],[-122.216608,47.501321],[-122.217533,47.501321],[-122.219133,47.501021],[-122.219212,47.500571],[-122.219172,47.500392],[-122.219064,47.500222],[-122.219018,47.500165],[-122.218919,47.500084],[-122.218897,47.500056],[-122.218866,47.499986],[-122.218849,47.499803],[-122.218852,47.49976],[-122.218858,47.499749],[-122.218876,47.499715],[-122.219017,47.499655],[-122.219088,47.499612],[-122.219181,47.499531],[-122.21924,47.499454],[-122.219292,47.499369],[-122.219349,47.499245],[-122.219499,47.498702],[-122.219542,47.498517],[-122.219556,47.498458],[-122.21958,47.498231],[-122.21959,47.497969],[-122.219578,47.497755],[-122.220135,47.497714],[-122.220214,47.498],[-122.220944,47.497966],[-122.220893,47.497634],[-122.220924,47.497634],[-122.221045,47.497638],[-122.221046,47.497271],[-122.221666,47.497265],[-122.221666,47.497096],[-122.221665,47.496908],[-122.222253,47.496888],[-122.222225,47.496788],[-122.222198,47.49584],[-122.221787,47.495843],[-122.221787,47.495483],[-122.220292,47.495475],[-122.220054,47.495474],[-122.219811,47.495473],[-122.219624,47.495473],[-122.219466,47.494899],[-122.219982,47.49491],[-122.219965,47.494675],[-122.219868,47.494677],[-122.219875,47.494524],[-122.219789,47.494524],[-122.219793,47.49428],[-122.219797,47.494079],[-122.219714,47.49408],[-122.219711,47.493874],[-122.219709,47.49364],[-122.219709,47.493535],[-122.21977,47.493529],[-122.219915,47.493516],[-122.21996,47.493514],[-122.219959,47.493405],[-122.219958,47.493364],[-122.222101,47.493424],[-122.222363,47.493427],[-122.222845,47.493435],[-122.222848,47.49316],[-122.222857,47.492469],[-122.222868,47.492105],[-122.222868,47.491954],[-122.222865,47.491798],[-122.222858,47.49167],[-122.222979,47.491567],[-122.223005,47.491471],[-122.223013,47.490887],[-122.224072,47.490915],[-122.224197,47.490919],[-122.224466,47.490926],[-122.225548,47.490923],[-122.226058,47.490928],[-122.226231,47.490921],[-122.22744,47.490881],[-122.227586,47.490877],[-122.227586,47.490832],[-122.227573,47.489971],[-122.227568,47.489591],[-122.227567,47.489502],[-122.227565,47.48938],[-122.22736,47.489382],[-122.227001,47.489386],[-122.226806,47.489387],[-122.226451,47.489391],[-122.226435,47.48936],[-122.226447,47.488898],[-122.225325,47.488895],[-122.225324,47.488581],[-122.225324,47.488484],[-122.225323,47.488414],[-122.225323,47.488171],[-122.225769,47.488169],[-122.227348,47.488162],[-122.227342,47.488055],[-122.227342,47.487939],[-122.227341,47.487836],[-122.226067,47.48784],[-122.225569,47.487838],[-122.225573,47.48719],[-122.226139,47.487192],[-122.226143,47.487018],[-122.227334,47.487011],[-122.227555,47.48701],[-122.227554,47.486935],[-122.227557,47.486576],[-122.227558,47.486362],[-122.227562,47.48626],[-122.227558,47.486126],[-122.227563,47.485152],[-122.227542,47.484987],[-122.227478,47.484866],[-122.227367,47.484751],[-122.227248,47.48467],[-122.227151,47.484627],[-122.22763,47.484564],[-122.227208,47.484243],[-122.226835,47.483973],[-122.226409,47.483719],[-122.226093,47.483579],[-122.225827,47.483484],[-122.225653,47.483433],[-122.225378,47.48337],[-122.225077,47.483323],[-122.224831,47.483298],[-122.224105,47.483269],[-122.223191,47.483247],[-122.222911,47.48325],[-122.222481,47.483273],[-122.222246,47.483294],[-122.221816,47.48335],[-122.221642,47.483379],[-122.221575,47.483334],[-122.221481,47.483286],[-122.22146,47.483278],[-122.221413,47.48326],[-122.221316,47.483234],[-122.221231,47.483225],[-122.221244,47.483124],[-122.220722,47.483023],[-122.220642,47.48301],[-122.220851,47.482276],[-122.220889,47.482144],[-122.220927,47.482013],[-122.219612,47.481991],[-122.219816,47.481334],[-122.219817,47.48118],[-122.221476,47.481324],[-122.221669,47.481341],[-122.222012,47.48137],[-122.22281,47.481457],[-122.222977,47.481481],[-122.22451,47.4817],[-122.226471,47.482005],[-122.227545,47.482161],[-122.227568,47.482166],[-122.227609,47.482173],[-122.227777,47.482205],[-122.229135,47.482392],[-122.229602,47.482464],[-122.229899,47.482511],[-122.229926,47.482331],[-122.230068,47.482372],[-122.23023,47.482425],[-122.230428,47.482518],[-122.230605,47.482607],[-122.230718,47.482654],[-122.230908,47.482671],[-122.231168,47.482707],[-122.23121,47.4826],[-122.231445,47.482097],[-122.232155,47.480566],[-122.232161,47.48049],[-122.232146,47.48048],[-122.232094,47.480446],[-122.232079,47.480436],[-122.231761,47.480369],[-122.232428,47.479939],[-122.232578,47.479842],[-122.232744,47.479735],[-122.233249,47.480037],[-122.23381,47.480315],[-122.233876,47.480347],[-122.234785,47.480696],[-122.235263,47.480839],[-122.235754,47.480961],[-122.236256,47.48106],[-122.236718,47.481128],[-122.237279,47.481185],[-122.237626,47.481205],[-122.238319,47.481217],[-122.238684,47.481207],[-122.240689,47.481064],[-122.241049,47.481064],[-122.241607,47.481089],[-122.242061,47.481139],[-122.242431,47.481198],[-122.242793,47.481274],[-122.24528,47.48197],[-122.24559,47.482058],[-122.245577,47.481092],[-122.245787,47.481093],[-122.245819,47.479881],[-122.24822,47.479893],[-122.249707,47.479875],[-122.251666,47.479424],[-122.252434,47.479248],[-122.253379,47.479373],[-122.253378,47.479396],[-122.253716,47.479498],[-122.253982,47.47964],[-122.254265,47.479832],[-122.254341,47.479931],[-122.254532,47.479926],[-122.255433,47.481135],[-122.255904,47.481764],[-122.256509,47.482571],[-122.257073,47.483231],[-122.257474,47.483599],[-122.258235,47.484154],[-122.259227,47.48416],[-122.258928,47.483977],[-122.25885,47.483912],[-122.258111,47.4833],[-122.257793,47.482983],[-122.257112,47.482042],[-122.256714,47.481519],[-122.256156,47.480811],[-122.255624,47.480157],[-122.254883,47.479163],[-122.254073,47.478143],[-122.253596,47.477545],[-122.252699,47.476642],[-122.25206,47.476018],[-122.250906,47.474913],[-122.251325,47.474834],[-122.251569,47.474808],[-122.251577,47.474834],[-122.252191,47.475392],[-122.253673,47.476458],[-122.254389,47.476733],[-122.25475,47.476812],[-122.254747,47.476849],[-122.254738,47.476966],[-122.255056,47.477022],[-122.256229,47.477155],[-122.257401,47.477271],[-122.257628,47.477317],[-122.258208,47.477375],[-122.25841,47.477412],[-122.258528,47.477467],[-122.258776,47.47764],[-122.258906,47.477775],[-122.258989,47.477911],[-122.258989,47.478118],[-122.258958,47.478192],[-122.258916,47.478297],[-122.258739,47.478485],[-122.2585,47.478645],[-122.258358,47.478707],[-122.258157,47.47876],[-122.256543,47.478876],[-122.255725,47.478951],[-122.255595,47.478996],[-122.255523,47.479049],[-122.255439,47.47913],[-122.255439,47.479274],[-122.255557,47.479482],[-122.255676,47.479617],[-122.25571,47.479647],[-122.255769,47.479698],[-122.255911,47.479889],[-122.256171,47.480218],[-122.256325,47.480413],[-122.256468,47.480558],[-122.256573,47.480694],[-122.256858,47.480893],[-122.257129,47.481048],[-122.257461,47.481176],[-122.257603,47.481213],[-122.257817,47.481242],[-122.258575,47.481246],[-122.259203,47.481278],[-122.259535,47.481289],[-122.259892,47.481255],[-122.260175,47.481302],[-122.260555,47.48144],[-122.260886,47.48163],[-122.261077,47.481776],[-122.261134,47.481866],[-122.261169,47.482028],[-122.261145,47.482172],[-122.261086,47.482253],[-122.26099,47.482342],[-122.260813,47.482458],[-122.26022,47.482651],[-122.259982,47.482749],[-122.25966,47.482963],[-122.259375,47.483202],[-122.25934,47.483231],[-122.259221,47.483347],[-122.25915,47.483455],[-122.259149,47.483599],[-122.259178,47.483635],[-122.25933,47.483741],[-122.259385,47.48378],[-122.259704,47.483963],[-122.260155,47.484172],[-122.260499,47.484381],[-122.261054,47.484628],[-122.26135,47.484702],[-122.261991,47.484805],[-122.262489,47.48479],[-122.263083,47.484686],[-122.263366,47.48458],[-122.263628,47.484456],[-122.264174,47.48409],[-122.26446,47.483948],[-122.265161,47.483673],[-122.265399,47.483531],[-122.265946,47.483103],[-122.266207,47.482916],[-122.26661,47.482666],[-122.266823,47.482577],[-122.267036,47.482534],[-122.267157,47.482525],[-122.267286,47.482553],[-122.267391,47.482608],[-122.267446,47.482498],[-122.267486,47.482413],[-122.267513,47.482361],[-122.267725,47.482457],[-122.268553,47.482993],[-122.268612,47.483083],[-122.268649,47.483192],[-122.268635,47.483768],[-122.268586,47.483983],[-122.268336,47.484485],[-122.268015,47.484924],[-122.267907,47.485049],[-122.267729,47.485228],[-122.267432,47.485497],[-122.267135,47.485729],[-122.266457,47.48612],[-122.265994,47.486324],[-122.265554,47.486537],[-122.265235,47.486734],[-122.265151,47.486868],[-122.265079,47.487101],[-122.265078,47.487245],[-122.265196,47.487606],[-122.265267,47.487741],[-122.26529,47.487772],[-122.265267,47.487793],[-122.265168,47.487907],[-122.265321,47.48809],[-122.265663,47.4885],[-122.266075,47.488833],[-122.266137,47.488857],[-122.266792,47.489108],[-122.267835,47.489244],[-122.268647,47.489085],[-122.269249,47.488818],[-122.270075,47.488694],[-122.270741,47.488979],[-122.271057,47.489745],[-122.271035,47.490088],[-122.271222,47.490541],[-122.27141,47.49073],[-122.271648,47.49091],[-122.272691,47.491309],[-122.27335,47.491444],[-122.274371,47.491395],[-122.276234,47.490998],[-122.276437,47.490955],[-122.277358,47.490663],[-122.277721,47.490479],[-122.278025,47.49042],[-122.278577,47.490162],[-122.279338,47.490014],[-122.279722,47.490014],[-122.28014,47.490201],[-122.280083,47.490416],[-122.280051,47.490534],[-122.280008,47.490768],[-122.279996,47.490964],[-122.279997,47.491303],[-122.280091,47.492357],[-122.279493,47.492348],[-122.279538,47.494299],[-122.278929,47.494294],[-122.278932,47.494628],[-122.279308,47.494683],[-122.279767,47.495188],[-122.278825,47.500052],[-122.27882,47.50008],[-122.2778,47.501266],[-122.277498,47.500984],[-122.276892,47.500442],[-122.275096,47.498928],[-122.273424,47.497582],[-122.271954,47.496389],[-122.271056,47.495655],[-122.270304,47.495648],[-122.270298,47.496033],[-122.270294,47.496354],[-122.270536,47.49655],[-122.270896,47.496862],[-122.271086,47.497027],[-122.271955,47.497791],[-122.272599,47.498383],[-122.273272,47.499011],[-122.273608,47.499344],[-122.273849,47.499591],[-122.274249,47.499981],[-122.276014,47.501676],[-122.277443,47.503084],[-122.277895,47.503539],[-122.278274,47.50395],[-122.278718,47.504459],[-122.279085,47.504905],[-122.27928,47.505133],[-122.279672,47.505614],[-122.281369,47.507815],[-122.281672,47.507793],[-122.282264,47.507762],[-122.282607,47.507739],[-122.282659,47.508182],[-122.282721,47.508347],[-122.282804,47.50849],[-122.283335,47.509376],[-122.283739,47.510063],[-122.283436,47.510055],[-122.283036,47.510045],[-122.282448,47.510023],[-122.278418,47.509806],[-122.278449,47.510718],[-122.278613,47.512104],[-122.275158,47.511292],[-122.275163,47.511154],[-122.273944,47.511134],[-122.272237,47.511106],[-122.272279,47.51119],[-122.27102,47.511193],[-122.27102,47.510968],[-122.270061,47.510963],[-122.270062,47.510807]]]}},{"type":"Feature","properties":{"STATEFP10":"53","ZCTA5CE10":"98146","GEOID10":"5398146","CLASSFP10":"B5","MTFCC10":"G6350","FUNCSTAT10":"S","ALAND10":12045888,"AWATER10":1761080,"INTPTLAT10":"+47.5000582","INTPTLON10":"-122.3578478","PARTFLG10":"N"},"geometry":{"type":"Polygon","coordinates":[[[-122.363188,47.513689],[-122.3605,47.513694],[-122.3604,47.513695],[-122.359597,47.513695],[-122.359158,47.513694],[-122.358479,47.513697],[-122.357815,47.513698],[-122.357362,47.513699],[-122.356504,47.513701],[-122.356248,47.513698],[-122.356362,47.513866],[-122.356423,47.514029],[-122.356442,47.514139],[-122.356432,47.514341],[-122.356394,47.514499],[-122.356297,47.514409],[-122.355129,47.513703],[-122.354944,47.513688],[-122.353903,47.5137],[-122.352689,47.513716],[-122.351381,47.513734],[-122.350387,47.513748],[-122.349142,47.513768],[-122.349005,47.513769],[-122.347714,47.513783],[-122.346848,47.513792],[-122.346447,47.513796],[-122.345879,47.513802],[-122.345176,47.513824],[-122.344822,47.51383],[-122.34466,47.513858],[-122.344549,47.51389],[-122.343952,47.513389],[-122.343827,47.513327],[-122.34336,47.513256],[-122.34314,47.51325],[-122.342876,47.513288],[-122.342404,47.513424],[-122.341259,47.51381],[-122.341055,47.513935],[-122.340972,47.514021],[-122.340739,47.513912],[-122.340596,47.513864],[-122.340459,47.513836],[-122.340283,47.513811],[-122.339944,47.513801],[-122.33975,47.513808],[-122.339706,47.51381],[-122.339862,47.515076],[-122.339918,47.515529],[-122.339961,47.51588],[-122.339203,47.515924],[-122.339007,47.515966],[-122.338882,47.516024],[-122.338066,47.51651],[-122.337959,47.516593],[-122.337881,47.516706],[-122.337858,47.516805],[-122.337874,47.51691],[-122.33793,47.517258],[-122.337537,47.517256],[-122.337485,47.517258],[-122.337444,47.517008],[-122.337124,47.515023],[-122.33704,47.513893],[-122.336645,47.513907],[-122.336507,47.513914],[-122.335707,47.513923],[-122.334252,47.513897],[-122.334005,47.513865],[-122.334106,47.513743],[-122.334165,47.513649],[-122.334183,47.513498],[-122.333953,47.512159],[-122.333624,47.510381],[-122.334706,47.510364],[-122.334741,47.508558],[-122.334169,47.50856],[-122.333628,47.508556],[-122.333631,47.507607],[-122.333631,47.506766],[-122.333646,47.505797],[-122.333648,47.50573],[-122.333651,47.505504],[-122.33365,47.505205],[-122.333654,47.503154],[-122.334999,47.503126],[-122.335293,47.503121],[-122.335327,47.502132],[-122.335332,47.50126],[-122.334395,47.501273],[-122.333734,47.50129],[-122.333676,47.501292],[-122.333686,47.500415],[-122.333698,47.499488],[-122.333715,47.498068],[-122.33372,47.497671],[-122.333726,47.497133],[-122.333731,47.496747],[-122.333735,47.496333],[-122.334843,47.496325],[-122.334843,47.494598],[-122.334558,47.494598],[-122.333803,47.494598],[-122.333756,47.494598],[-122.33376,47.494204],[-122.33378,47.492571],[-122.333782,47.492462],[-122.333786,47.492145],[-122.333805,47.490526],[-122.33383,47.488482],[-122.333828,47.486102],[-122.333828,47.484879],[-122.333826,47.483085],[-122.333825,47.481278],[-122.334519,47.481273],[-122.335173,47.481267],[-122.336497,47.481257],[-122.337454,47.481249],[-122.337914,47.481246],[-122.339171,47.481236],[-122.340504,47.481225],[-122.34184,47.481214],[-122.344514,47.481193],[-122.34507,47.481188],[-122.346832,47.481175],[-122.347387,47.481164],[-122.348182,47.481164],[-122.348281,47.481163],[-122.349056,47.481157],[-122.349448,47.481149],[-122.349634,47.481142],[-122.353914,47.481118],[-122.355305,47.48111],[-122.356965,47.481102],[-122.356946,47.481116],[-122.356992,47.481101],[-122.35967,47.48112],[-122.361478,47.481112],[-122.361531,47.481108],[-122.366704,47.481109],[-122.366306,47.481635],[-122.368923,47.485847],[-122.370048,47.486748],[-122.37141,47.487839],[-122.375652,47.491237],[-122.379362,47.492866],[-122.380128,47.493203],[-122.380283,47.4933],[-122.389268,47.498959],[-122.39409,47.504692],[-122.395502,47.50637],[-122.399741,47.512349],[-122.399833,47.512442],[-122.39602,47.513711],[-122.395638,47.51385],[-122.395566,47.513858],[-122.3953,47.51385],[-122.394877,47.513838],[-122.394841,47.513837],[-122.392845,47.513838],[-122.392822,47.513838],[-122.391813,47.513804],[-122.391744,47.513588],[-122.391955,47.513595],[-122.391875,47.512129],[-122.391407,47.512125],[-122.390491,47.512118],[-122.390765,47.512535],[-122.390966,47.512971],[-122.391067,47.513305],[-122.391379,47.514635],[-122.391452,47.514983],[-122.391263,47.514724],[-122.390744,47.513825],[-122.390738,47.513814],[-122.389893,47.513805],[-122.388615,47.513792],[-122.387335,47.513779],[-122.385965,47.513772],[-122.384597,47.513765],[-122.383226,47.513758],[-122.381858,47.513751],[-122.379447,47.513737],[-122.379117,47.513736],[-122.379038,47.513735],[-122.378966,47.51406],[-122.378222,47.514298],[-122.377171,47.514205],[-122.376829,47.514026],[-122.376743,47.513723],[-122.376376,47.513722],[-122.375279,47.513722],[-122.374181,47.513718],[-122.373084,47.513713],[-122.371857,47.513708],[-122.371104,47.513705],[-122.37108,47.513335],[-122.37102,47.512548],[-122.371,47.51229],[-122.368442,47.512299],[-122.368502,47.513693],[-122.367343,47.513572],[-122.367216,47.513916],[-122.365879,47.514095],[-122.365875,47.513703],[-122.364531,47.513686],[-122.363663,47.513688],[-122.363188,47.513689]]]}},{"type":"Feature","properties":{"STATEFP10":"53","ZCTA5CE10":"98125","GEOID10":"5398125","CLASSFP10":"B5","MTFCC10":"G6350","FUNCSTAT10":"S","ALAND10":13960901,"AWATER10":3976391,"INTPTLAT10":"+47.7165126","INTPTLON10":"-122.2958288","PARTFLG10":"N"},"geometry":{"type":"Polygon","coordinates":[[[-122.28005,47.701253],[-122.281302,47.70103],[-122.28139,47.701193],[-122.281451,47.701308],[-122.281728,47.701132],[-122.281818,47.701075],[-122.282274,47.701883],[-122.282874,47.701722],[-122.282881,47.701738],[-122.282983,47.701891],[-122.283117,47.702032],[-122.283175,47.70208],[-122.283236,47.702129],[-122.283518,47.702294],[-122.284323,47.70264],[-122.284282,47.701296],[-122.284213,47.701132],[-122.284137,47.701055],[-122.284073,47.700991],[-122.283837,47.700858],[-122.283729,47.700774],[-122.283284,47.700247],[-122.283121,47.700084],[-122.283909,47.700091],[-122.284584,47.700097],[-122.284947,47.700148],[-122.285351,47.700154],[-122.285377,47.701067],[-122.286613,47.701079],[-122.287976,47.701093],[-122.288041,47.701094],[-122.289324,47.701106],[-122.289441,47.701107],[-122.289774,47.701111],[-122.290704,47.70112],[-122.290683,47.700675],[-122.292823,47.70065],[-122.293414,47.700863],[-122.293425,47.70113],[-122.293802,47.701131],[-122.293906,47.700657],[-122.296038,47.700667],[-122.299762,47.700685],[-122.299716,47.701154],[-122.299923,47.701155],[-122.301155,47.70116],[-122.302553,47.70117],[-122.302871,47.701216],[-122.303267,47.701226],[-122.303953,47.701204],[-122.304631,47.701172],[-122.305803,47.701179],[-122.306148,47.701182],[-122.306634,47.701198],[-122.306921,47.701223],[-122.307687,47.701235],[-122.309587,47.701227],[-122.310926,47.701238],[-122.311117,47.701237],[-122.311326,47.701237],[-122.312255,47.701248],[-122.312636,47.70125],[-122.312675,47.700977],[-122.312946,47.700746],[-122.314955,47.700813],[-122.314973,47.701267],[-122.317212,47.701282],[-122.317692,47.701286],[-122.32041,47.701304],[-122.320703,47.701306],[-122.323129,47.701323],[-122.324266,47.701331],[-122.325816,47.701343],[-122.327287,47.701353],[-122.327363,47.701651],[-122.327384,47.701829],[-122.32741,47.70246],[-122.327422,47.702887],[-122.327255,47.703169],[-122.328527,47.703178],[-122.328482,47.701816],[-122.328481,47.701362],[-122.328682,47.701356],[-122.328794,47.701384],[-122.329289,47.701432],[-122.329305,47.701811],[-122.329343,47.702272],[-122.329411,47.703257],[-122.329468,47.704095],[-122.32954,47.705068],[-122.32967,47.706849],[-122.329695,47.707188],[-122.329749,47.708339],[-122.329757,47.708634],[-122.329764,47.70893],[-122.329741,47.709205],[-122.329654,47.709714],[-122.329584,47.709975],[-122.329435,47.710424],[-122.329147,47.710993],[-122.32898,47.711264],[-122.328757,47.711579],[-122.328495,47.711928],[-122.328181,47.712312],[-122.328377,47.712459],[-122.328435,47.712502],[-122.32874,47.71273],[-122.328762,47.714074],[-122.328788,47.715246],[-122.328803,47.715892],[-122.328857,47.717084],[-122.328969,47.719522],[-122.328935,47.721995],[-122.32892,47.723164],[-122.328895,47.724983],[-122.328889,47.725409],[-122.32888,47.726114],[-122.32887,47.726802],[-122.329236,47.726805],[-122.329464,47.727246],[-122.33025,47.727263],[-122.330232,47.727588],[-122.32984,47.72764],[-122.329293,47.728225],[-122.329418,47.728628],[-122.328873,47.728624],[-122.328875,47.730448],[-122.328878,47.73227],[-122.328881,47.734093],[-122.326382,47.734074],[-122.326007,47.734071],[-122.325655,47.734069],[-122.325547,47.734064],[-122.32532,47.734062],[-122.325246,47.734065],[-122.324982,47.734063],[-122.324734,47.734061],[-122.324523,47.73406],[-122.324457,47.734059],[-122.323589,47.734052],[-122.322219,47.734039],[-122.320801,47.734026],[-122.318117,47.734001],[-122.31676,47.733988],[-122.315443,47.733975],[-122.31275,47.73395],[-122.310048,47.733919],[-122.308696,47.733904],[-122.308045,47.733896],[-122.307326,47.733889],[-122.306171,47.733876],[-122.305994,47.733874],[-122.304844,47.73386],[-122.304574,47.733856],[-122.303599,47.733846],[-122.301955,47.733828],[-122.300586,47.733817],[-122.29923,47.733806],[-122.297877,47.733795],[-122.29652,47.733784],[-122.295306,47.733774],[-122.295163,47.733773],[-122.294692,47.733769],[-122.29381,47.733762],[-122.292435,47.733751],[-122.291098,47.73374],[-122.289753,47.733732],[-122.288429,47.733729],[-122.28705,47.733721],[-122.286711,47.733724],[-122.286382,47.733728],[-122.285957,47.733732],[-122.285869,47.73372],[-122.285799,47.733683],[-122.284887,47.733659],[-122.284882,47.733659],[-122.284796,47.733656],[-122.284606,47.73365],[-122.284471,47.733648],[-122.283533,47.733612],[-122.281953,47.73361],[-122.269808,47.733477],[-122.269737,47.73312],[-122.268586,47.727369],[-122.268436,47.72662],[-122.2684,47.726404],[-122.267192,47.71916],[-122.267136,47.71882],[-122.261136,47.70802],[-122.259741,47.705987],[-122.25875,47.704544],[-122.254136,47.69782],[-122.271418,47.697345],[-122.272327,47.701213],[-122.273215,47.702844],[-122.27373,47.702843],[-122.274125,47.702848],[-122.274185,47.702856],[-122.274339,47.70288],[-122.27429,47.702758],[-122.273912,47.701847],[-122.273603,47.701115],[-122.273829,47.701115],[-122.275262,47.701126],[-122.276479,47.701136],[-122.277698,47.701146],[-122.277696,47.701245],[-122.277683,47.701998],[-122.278307,47.70201],[-122.278306,47.701886],[-122.278904,47.70188],[-122.278914,47.701222],[-122.278916,47.701148],[-122.28005,47.701153],[-122.28005,47.701253]]]}},{"type":"Feature","properties":{"STATEFP10":"53","ZCTA5CE10":"98148","GEOID10":"5398148","CLASSFP10":"B5","MTFCC10":"G6350","FUNCSTAT10":"S","ALAND10":8117264,"AWATER10":0,"INTPTLAT10":"+47.4440981","INTPTLON10":"-122.3248591","PARTFLG10":"N"},"geometry":{"type":"Polygon","coordinates":[[[-122.334962,47.43767],[-122.337672,47.437667],[-122.337743,47.4377],[-122.33776,47.437752],[-122.337725,47.438185],[-122.339086,47.438176],[-122.3403,47.438178],[-122.340199,47.43908],[-122.340158,47.439429],[-122.340145,47.43949],[-122.340117,47.439574],[-122.340053,47.43966],[-122.340007,47.439702],[-122.339962,47.439735],[-122.339529,47.439935],[-122.339461,47.439972],[-122.339399,47.440026],[-122.339339,47.440119],[-122.338691,47.440339],[-122.338368,47.440469],[-122.337733,47.440676],[-122.335901,47.441224],[-122.33442,47.441644],[-122.334185,47.44344],[-122.334172,47.443539],[-122.334082,47.444209],[-122.336238,47.444277],[-122.33684,47.444284],[-122.337447,47.444328],[-122.337548,47.444326],[-122.337648,47.444319],[-122.337747,47.444306],[-122.337844,47.444288],[-122.337938,47.444264],[-122.338099,47.444207],[-122.338863,47.443879],[-122.339455,47.444531],[-122.338343,47.44501],[-122.33831,47.445024],[-122.338254,47.445042],[-122.338065,47.445092],[-122.337867,47.445124],[-122.33748,47.445135],[-122.337287,47.445141],[-122.336769,47.445171],[-122.336205,47.445204],[-122.335105,47.445221],[-122.333961,47.445243],[-122.333964,47.44745],[-122.333964,47.447493],[-122.333968,47.448607],[-122.33392,47.449684],[-122.334008,47.449691],[-122.334781,47.449673],[-122.336214,47.449671],[-122.336282,47.449677],[-122.336421,47.449707],[-122.336482,47.449728],[-122.336548,47.449758],[-122.336609,47.449793],[-122.336632,47.449808],[-122.3369,47.449927],[-122.336983,47.449948],[-122.33713,47.449966],[-122.33728,47.449963],[-122.337426,47.44994],[-122.338449,47.449654],[-122.338752,47.44956],[-122.339458,47.450304],[-122.339843,47.451408],[-122.339232,47.451403],[-122.337938,47.452286],[-122.338,47.452854],[-122.338731,47.45289],[-122.339392,47.452923],[-122.339371,47.453738],[-122.339343,47.45483],[-122.339313,47.456002],[-122.339312,47.45608],[-122.337599,47.456091],[-122.336446,47.456099],[-122.336457,47.456353],[-122.336466,47.457339],[-122.333883,47.457339],[-122.333884,47.457409],[-122.333906,47.457853],[-122.333943,47.459679],[-122.334144,47.459805],[-122.33433,47.459947],[-122.334598,47.4602],[-122.334609,47.461506],[-122.33598,47.461505],[-122.336739,47.462223],[-122.336832,47.462311],[-122.336918,47.462392],[-122.333921,47.462393],[-122.333914,47.463281],[-122.333903,47.464208],[-122.333892,47.465098],[-122.333886,47.46562],[-122.333882,47.465993],[-122.333871,47.466892],[-122.333869,47.46869],[-122.33381,47.468691],[-122.333104,47.468697],[-122.332312,47.468719],[-122.332305,47.468813],[-122.332296,47.469533],[-122.332299,47.470138],[-122.332283,47.470438],[-122.331699,47.470374],[-122.331543,47.470357],[-122.33146,47.470348],[-122.329946,47.470155],[-122.329556,47.47008],[-122.329395,47.470059],[-122.329372,47.469969],[-122.329331,47.469807],[-122.329303,47.469796],[-122.329273,47.469762],[-122.329272,47.469722],[-122.3293,47.469687],[-122.329301,47.469341],[-122.329329,47.469141],[-122.329339,47.468717],[-122.328168,47.468723],[-122.326963,47.468727],[-122.326107,47.468731],[-122.324399,47.468738],[-122.323441,47.468741],[-122.323441,47.469147],[-122.323442,47.469909],[-122.322578,47.469944],[-122.32116,47.47],[-122.318917,47.470091],[-122.318072,47.470125],[-122.316096,47.470214],[-122.314493,47.470265],[-122.313806,47.470254],[-122.313371,47.470226],[-122.312996,47.470188],[-122.312653,47.47014],[-122.312384,47.470094],[-122.313135,47.469718],[-122.31284,47.468587],[-122.312929,47.468502],[-122.312945,47.468401],[-122.312954,47.468005],[-122.312943,47.46738],[-122.312962,47.466912],[-122.312968,47.466421],[-122.312961,47.466133],[-122.312988,47.465856],[-122.312787,47.465676],[-122.312991,47.465513],[-122.313134,47.465391],[-122.313345,47.465238],[-122.313575,47.465103],[-122.313838,47.464974],[-122.314256,47.464778],[-122.314896,47.464488],[-122.315079,47.464405],[-122.315628,47.464203],[-122.316325,47.46396],[-122.316515,47.463894],[-122.317247,47.463628],[-122.318251,47.463277],[-122.318248,47.463173],[-122.31823,47.461433],[-122.318238,47.460138],[-122.318238,47.459628],[-122.318249,47.458761],[-122.318284,47.457226],[-122.318275,47.456993],[-122.318297,47.455155],[-122.318287,47.454418],[-122.318304,47.453833],[-122.31831,47.453134],[-122.318319,47.452442],[-122.318326,47.451996],[-122.318329,47.451429],[-122.318336,47.450597],[-122.318341,47.449713],[-122.31835,47.448837],[-122.318361,47.448303],[-122.318381,47.447571],[-122.318372,47.44707],[-122.318376,47.446674],[-122.318371,47.44613],[-122.318391,47.445402],[-122.318408,47.445359],[-122.318433,47.445322],[-122.31847,47.445285],[-122.318523,47.445253],[-122.318558,47.445231],[-122.318622,47.445208],[-122.318732,47.44519],[-122.31959,47.445188],[-122.320853,47.44519],[-122.321039,47.44519],[-122.320711,47.444404],[-122.320573,47.443943],[-122.320552,47.443827],[-122.320475,47.443545],[-122.320448,47.443275],[-122.320423,47.442872],[-122.320425,47.442498],[-122.320448,47.442152],[-122.320476,47.441927],[-122.320504,47.441766],[-122.320589,47.441429],[-122.320647,47.441253],[-122.320771,47.440956],[-122.320875,47.440759],[-122.32107,47.440459],[-122.322084,47.439239],[-122.322317,47.438935],[-122.32224,47.438893],[-122.31899,47.437127],[-122.318718,47.436979],[-122.318101,47.436643],[-122.316137,47.435574],[-122.315432,47.43519],[-122.315382,47.435158],[-122.315131,47.435019],[-122.31482,47.434883],[-122.314647,47.43482],[-122.314509,47.434778],[-122.31436,47.43474],[-122.314232,47.434713],[-122.313955,47.434671],[-122.313823,47.434658],[-122.313698,47.434651],[-122.311927,47.434641],[-122.309059,47.434633],[-122.305043,47.434605],[-122.305032,47.434408],[-122.304962,47.433972],[-122.304902,47.433671],[-122.304867,47.433456],[-122.304863,47.433085],[-122.304853,47.433049],[-122.304729,47.432875],[-122.304673,47.432776],[-122.30464,47.432682],[-122.304624,47.432583],[-122.30462,47.432278],[-122.3046,47.431704],[-122.304603,47.431669],[-122.304619,47.431614],[-122.304648,47.431559],[-122.304711,47.43149],[-122.305445,47.430988],[-122.305792,47.430777],[-122.30587,47.430757],[-122.306041,47.430734],[-122.306601,47.430719],[-122.306667,47.430693],[-122.306718,47.43065],[-122.306733,47.430626],[-122.306744,47.430567],[-122.306751,47.430478],[-122.306769,47.430248],[-122.306805,47.42941],[-122.306799,47.42927],[-122.30672,47.429165],[-122.306759,47.429099],[-122.306778,47.429013],[-122.306792,47.428886],[-122.306797,47.428373],[-122.306826,47.428325],[-122.30688,47.428289],[-122.307047,47.428246],[-122.307499,47.428149],[-122.307474,47.427719],[-122.307483,47.427543],[-122.307501,47.427488],[-122.30755,47.427429],[-122.307711,47.427431],[-122.307867,47.427446],[-122.307987,47.427464],[-122.308011,47.426405],[-122.308012,47.426069],[-122.308012,47.426062],[-122.308002,47.425974],[-122.307998,47.425917],[-122.308011,47.424215],[-122.308006,47.423574],[-122.30799,47.423014],[-122.307993,47.422758],[-122.308549,47.422759],[-122.309401,47.422767],[-122.31056,47.422781],[-122.311701,47.422817],[-122.312398,47.422824],[-122.313319,47.422824],[-122.314189,47.422812],[-122.314463,47.422814],[-122.315483,47.422833],[-122.315647,47.422836],[-122.316759,47.422866],[-122.317337,47.422881],[-122.317873,47.422893],[-122.318429,47.422909],[-122.31892,47.422919],[-122.320057,47.422939],[-122.320863,47.422965],[-122.321527,47.422985],[-122.321861,47.423001],[-122.322809,47.423028],[-122.323434,47.423035],[-122.324188,47.423047],[-122.324783,47.423058],[-122.32589,47.423078],[-122.326669,47.423092],[-122.327413,47.423106],[-122.327695,47.423114],[-122.327893,47.423136],[-122.328084,47.423177],[-122.328266,47.423236],[-122.328411,47.4233],[-122.328473,47.423331],[-122.328696,47.423476],[-122.32876,47.423511],[-122.328844,47.423547],[-122.329009,47.423597],[-122.329088,47.423613],[-122.329267,47.423631],[-122.329672,47.42362],[-122.329962,47.423612],[-122.330305,47.42361],[-122.330736,47.423618],[-122.330764,47.423494],[-122.330784,47.423294],[-122.330784,47.423248],[-122.331242,47.423228],[-122.33154,47.423343],[-122.332354,47.423347],[-122.33361,47.423476],[-122.334192,47.423224],[-122.334524,47.42324],[-122.335212,47.423273],[-122.336578,47.423261],[-122.337762,47.423238],[-122.338265,47.423228],[-122.33845,47.423225],[-122.339681,47.423207],[-122.340421,47.423197],[-122.340473,47.423963],[-122.340484,47.424117],[-122.340496,47.424221],[-122.340558,47.424799],[-122.340565,47.424948],[-122.340575,47.425198],[-122.335361,47.425258],[-122.335367,47.425318],[-122.335392,47.425603],[-122.335455,47.42634],[-122.336287,47.426335],[-122.33684,47.426332],[-122.337091,47.426941],[-122.337052,47.426956],[-122.33703,47.426998],[-122.337052,47.427041],[-122.337105,47.427061],[-122.337134,47.427308],[-122.336723,47.427311],[-122.336438,47.427313],[-122.33644,47.427325],[-122.336428,47.42737],[-122.336429,47.427419],[-122.33644,47.427492],[-122.336451,47.427541],[-122.336461,47.427586],[-122.336478,47.427636],[-122.336467,47.427691],[-122.336449,47.427779],[-122.336381,47.427773],[-122.336308,47.427771],[-122.336227,47.427774],[-122.336143,47.427787],[-122.336065,47.427782],[-122.336034,47.427781],[-122.335993,47.427781],[-122.335926,47.427785],[-122.335852,47.427784],[-122.335774,47.427792],[-122.335706,47.427796],[-122.335633,47.427798],[-122.335563,47.427799],[-122.335579,47.428026],[-122.335594,47.428234],[-122.335622,47.42863],[-122.33579,47.430897],[-122.3358,47.431062],[-122.335804,47.431133],[-122.335804,47.431269],[-122.335788,47.431552],[-122.335626,47.432751],[-122.335509,47.433708],[-122.335473,47.433977],[-122.335447,47.434146],[-122.335347,47.434673],[-122.335317,47.434926],[-122.335244,47.435555],[-122.33519,47.435938],[-122.335133,47.436351],[-122.335117,47.436463],[-122.334962,47.43767]],[[-122.333924,47.453808],[-122.33392,47.454215],[-122.33391,47.454701],[-122.333909,47.454751],[-122.333908,47.45541],[-122.333957,47.45541],[-122.335453,47.45542],[-122.336353,47.455432],[-122.336561,47.455421],[-122.336678,47.455407],[-122.336865,47.455372],[-122.337017,47.455333],[-122.337124,47.455297],[-122.337227,47.455257],[-122.337361,47.455194],[-122.337479,47.455108],[-122.337571,47.45501],[-122.337606,47.454956],[-122.337648,47.45486],[-122.337696,47.454054],[-122.337674,47.453985],[-122.337645,47.453943],[-122.337614,47.453912],[-122.337546,47.453865],[-122.337452,47.453827],[-122.337399,47.453816],[-122.337217,47.453811],[-122.336422,47.45381],[-122.333924,47.453808]]]}},{"type":"Feature","properties":{"STATEFP10":"53","ZCTA5CE10":"98133","GEOID10":"5398133","CLASSFP10":"B5","MTFCC10":"G6350","FUNCSTAT10":"S","ALAND10":18378984,"AWATER10":178301,"INTPTLAT10":"+47.7404752","INTPTLON10":"-122.3428688","PARTFLG10":"N"},"geometry":{"type":"Polygon","coordinates":[[[-122.358275,47.703651],[-122.358837,47.703655],[-122.360754,47.703666],[-122.36076,47.704361],[-122.358157,47.704365],[-122.357903,47.704365],[-122.35811,47.705101],[-122.35813,47.706914],[-122.35815,47.708727],[-122.357641,47.708723],[-122.356816,47.708719],[-122.356833,47.710533],[-122.35769,47.710536],[-122.357729,47.710645],[-122.357437,47.712349],[-122.357456,47.714165],[-122.358077,47.714167],[-122.358204,47.714168],[-122.358205,47.714326],[-122.357674,47.714406],[-122.357474,47.71598],[-122.358219,47.715984],[-122.358234,47.717801],[-122.358249,47.719617],[-122.35825,47.721432],[-122.356884,47.721424],[-122.356888,47.723239],[-122.35775,47.723243],[-122.35816,47.725061],[-122.35825,47.725062],[-122.35825,47.726876],[-122.35825,47.727329],[-122.358251,47.728237],[-122.358251,47.728732],[-122.358179,47.728731],[-122.357576,47.729065],[-122.357523,47.730502],[-122.358251,47.730505],[-122.358252,47.73232],[-122.357732,47.732318],[-122.35845,47.733211],[-122.359169,47.734136],[-122.355572,47.734129],[-122.355574,47.734307],[-122.355608,47.735146],[-122.355605,47.73595],[-122.355595,47.736872],[-122.355602,47.737737],[-122.355634,47.741393],[-122.357459,47.741405],[-122.358858,47.741414],[-122.358865,47.742506],[-122.358885,47.744606],[-122.358892,47.745041],[-122.357648,47.74504],[-122.355661,47.745038],[-122.355663,47.745297],[-122.357084,47.74591],[-122.357606,47.746206],[-122.357804,47.746287],[-122.358018,47.746345],[-122.358243,47.746379],[-122.359683,47.746496],[-122.359788,47.7468],[-122.359827,47.74686],[-122.359992,47.74682],[-122.360287,47.74677],[-122.360427,47.746764],[-122.360687,47.746792],[-122.360994,47.746874],[-122.361324,47.747012],[-122.361429,47.746738],[-122.361942,47.746916],[-122.362204,47.747033],[-122.362501,47.747195],[-122.36272,47.747338],[-122.362943,47.747509],[-122.363225,47.747781],[-122.363546,47.748181],[-122.363672,47.748278],[-122.363849,47.748365],[-122.364044,47.748422],[-122.36426,47.748461],[-122.366516,47.748875],[-122.367073,47.749012],[-122.367288,47.749108],[-122.367461,47.749237],[-122.367546,47.749337],[-122.367663,47.749545],[-122.367832,47.749846],[-122.368,47.750051],[-122.368217,47.750233],[-122.3684,47.750346],[-122.368621,47.750453],[-122.368772,47.750509],[-122.369094,47.750595],[-122.369908,47.750755],[-122.370684,47.750882],[-122.370936,47.750934],[-122.37074,47.750919],[-122.36784,47.753619],[-122.36504,47.754219],[-122.36444,47.755619],[-122.364439,47.755975],[-122.363864,47.755971],[-122.361166,47.755952],[-122.361142,47.753705],[-122.361131,47.753618],[-122.361077,47.753499],[-122.361019,47.753427],[-122.360901,47.753332],[-122.360377,47.753068],[-122.360212,47.752954],[-122.359784,47.75257],[-122.358946,47.751791],[-122.35871,47.751633],[-122.358488,47.751499],[-122.358371,47.751444],[-122.357861,47.75194],[-122.357885,47.751995],[-122.357915,47.752067],[-122.3579,47.752174],[-122.357781,47.752428],[-122.357763,47.75257],[-122.357773,47.752825],[-122.357806,47.752923],[-122.357862,47.753016],[-122.357877,47.753059],[-122.357858,47.753102],[-122.357767,47.753141],[-122.357993,47.753535],[-122.358677,47.753829],[-122.358451,47.753846],[-122.358218,47.753866],[-122.356927,47.753979],[-122.357042,47.7555],[-122.358467,47.755597],[-122.35847,47.755941],[-122.358475,47.756339],[-122.358489,47.757425],[-122.358494,47.757728],[-122.358501,47.758219],[-122.358505,47.759143],[-122.358506,47.759246],[-122.358516,47.760473],[-122.35852,47.761201],[-122.358522,47.761355],[-122.358531,47.761919],[-122.35854,47.762634],[-122.358542,47.763231],[-122.358775,47.763232],[-122.358419,47.764981],[-122.35822,47.764927],[-122.357698,47.764704],[-122.356942,47.764381],[-122.356601,47.764302],[-122.356556,47.764292],[-122.356085,47.764269],[-122.355846,47.764306],[-122.355831,47.76503],[-122.357504,47.765042],[-122.357496,47.766846],[-122.358502,47.76686],[-122.358497,47.767273],[-122.358492,47.767976],[-122.358489,47.768675],[-122.358678,47.769048],[-122.358483,47.769532],[-122.358531,47.770486],[-122.357954,47.770482],[-122.357958,47.770714],[-122.357962,47.770975],[-122.357526,47.771092],[-122.357324,47.773125],[-122.358397,47.77375],[-122.358477,47.773844],[-122.358491,47.774139],[-122.357404,47.774136],[-122.357257,47.774134],[-122.357289,47.775468],[-122.358265,47.775485],[-122.358274,47.776176],[-122.358674,47.776176],[-122.358666,47.776619],[-122.358667,47.777766],[-122.358111,47.777766],[-122.358041,47.777766],[-122.358036,47.777766],[-122.35652,47.777766],[-122.356474,47.777766],[-122.356209,47.777766],[-122.35595,47.777766],[-122.355488,47.777768],[-122.35542,47.777768],[-122.355419,47.777768],[-122.355418,47.777768],[-122.355011,47.777769],[-122.354955,47.777769],[-122.354939,47.777769],[-122.354863,47.777769],[-122.354862,47.777769],[-122.354009,47.777772],[-122.353668,47.777773],[-122.352722,47.777777],[-122.352655,47.777777],[-122.352651,47.777777],[-122.352629,47.777777],[-122.352628,47.777777],[-122.352352,47.777778],[-122.351807,47.77778],[-122.35149,47.777781],[-122.350914,47.777782],[-122.349944,47.777785],[-122.349867,47.777785],[-122.349866,47.777785],[-122.349865,47.777785],[-122.347781,47.77779],[-122.347707,47.77779],[-122.347638,47.77779],[-122.347637,47.77779],[-122.346335,47.777793],[-122.346307,47.777794],[-122.346225,47.777794],[-122.341887,47.777787],[-122.341827,47.777787],[-122.341826,47.777786],[-122.341822,47.777786],[-122.341762,47.777786],[-122.341761,47.777786],[-122.340936,47.777786],[-122.340886,47.777785],[-122.340837,47.777785],[-122.340836,47.777785],[-122.340357,47.777785],[-122.340317,47.777784],[-122.339702,47.777784],[-122.339642,47.777784],[-122.3388,47.777782],[-122.338238,47.77778],[-122.338232,47.77778],[-122.338231,47.77778],[-122.338148,47.77778],[-122.338147,47.77778],[-122.337839,47.77778],[-122.337602,47.77778],[-122.337593,47.77778],[-122.337539,47.77778],[-122.337538,47.777779],[-122.337358,47.777779],[-122.337302,47.777779],[-122.335401,47.77777],[-122.335363,47.77777],[-122.335323,47.77777],[-122.333547,47.777675],[-122.332397,47.777644],[-122.330004,47.777621],[-122.329953,47.77762],[-122.329939,47.77762],[-122.329936,47.777506],[-122.329909,47.776011],[-122.3299,47.775888],[-122.32987,47.774445],[-122.32983,47.77248],[-122.329789,47.770452],[-122.329778,47.769945],[-122.329759,47.769093],[-122.329737,47.768202],[-122.32972,47.767369],[-122.329708,47.766849],[-122.329696,47.766216],[-122.329685,47.765674],[-122.32967,47.764969],[-122.329634,47.76325],[-122.330248,47.763252],[-122.330342,47.76255],[-122.330405,47.760214],[-122.33009,47.759594],[-122.329539,47.75959],[-122.329518,47.758681],[-122.329497,47.757752],[-122.329987,47.757332],[-122.329765,47.756689],[-122.3298,47.756644],[-122.329983,47.756375],[-122.330106,47.756141],[-122.330203,47.755938],[-122.330306,47.755724],[-122.330396,47.755453],[-122.330458,47.755212],[-122.330507,47.754971],[-122.330537,47.754705],[-122.330556,47.754482],[-122.330556,47.754418],[-122.330556,47.754061],[-122.330565,47.7535],[-122.330546,47.753294],[-122.330472,47.753229],[-122.330411,47.753166],[-122.33006,47.752807],[-122.33005,47.752715],[-122.330023,47.752471],[-122.329969,47.752123],[-122.329844,47.751678],[-122.329728,47.751325],[-122.329601,47.750972],[-122.329386,47.750468],[-122.32919,47.750008],[-122.329088,47.749736],[-122.328921,47.749153],[-122.328908,47.749036],[-122.328882,47.748805],[-122.328864,47.748572],[-122.328857,47.748474],[-122.328855,47.748145],[-122.328878,47.747846],[-122.328879,47.747832],[-122.32892,47.74762],[-122.328967,47.747373],[-122.32902,47.747176],[-122.329081,47.74695],[-122.329665,47.744778],[-122.329725,47.744468],[-122.329755,47.744157],[-122.329759,47.743703],[-122.329705,47.743234],[-122.32962,47.742841],[-122.329513,47.742464],[-122.329463,47.742337],[-122.329389,47.742149],[-122.329359,47.742073],[-122.329201,47.74177],[-122.328966,47.741367],[-122.329253,47.741372],[-122.329897,47.741379],[-122.329883,47.741142],[-122.329836,47.740987],[-122.32975,47.74082],[-122.329585,47.740613],[-122.329229,47.740227],[-122.32914,47.740099],[-122.329088,47.739987],[-122.329049,47.739856],[-122.32898,47.737294],[-122.328949,47.736369],[-122.328924,47.735417],[-122.32891,47.734986],[-122.328881,47.734093],[-122.328878,47.73227],[-122.328875,47.730448],[-122.328873,47.728624],[-122.329418,47.728628],[-122.329293,47.728225],[-122.32984,47.72764],[-122.330232,47.727588],[-122.33025,47.727263],[-122.329464,47.727246],[-122.329236,47.726805],[-122.32887,47.726802],[-122.32888,47.726114],[-122.328889,47.725409],[-122.328895,47.724983],[-122.32892,47.723164],[-122.328935,47.721995],[-122.328969,47.719522],[-122.328857,47.717084],[-122.328803,47.715892],[-122.328788,47.715246],[-122.328762,47.714074],[-122.32874,47.71273],[-122.328435,47.712502],[-122.328377,47.712459],[-122.328181,47.712312],[-122.328495,47.711928],[-122.328757,47.711579],[-122.32898,47.711264],[-122.329147,47.710993],[-122.329435,47.710424],[-122.329584,47.709975],[-122.329654,47.709714],[-122.329741,47.709205],[-122.329764,47.70893],[-122.329757,47.708634],[-122.329749,47.708339],[-122.329695,47.707188],[-122.32967,47.706849],[-122.32954,47.705068],[-122.329468,47.704095],[-122.329411,47.703257],[-122.329343,47.702272],[-122.329305,47.701811],[-122.329289,47.701432],[-122.329686,47.701436],[-122.329963,47.701439],[-122.33017,47.701441],[-122.330538,47.701445],[-122.330551,47.70319],[-122.332382,47.703207],[-122.333904,47.703218],[-122.333854,47.70311],[-122.333897,47.702926],[-122.333975,47.702771],[-122.334077,47.702611],[-122.334181,47.702499],[-122.334296,47.702395],[-122.334633,47.702143],[-122.33477,47.702022],[-122.334885,47.701891],[-122.334958,47.701775],[-122.335012,47.701641],[-122.335042,47.701523],[-122.33505,47.701394],[-122.335202,47.701397],[-122.335673,47.701405],[-122.336572,47.701408],[-122.337469,47.70141],[-122.337676,47.701411],[-122.338781,47.701413],[-122.339265,47.701415],[-122.339749,47.701416],[-122.340601,47.701418],[-122.341959,47.701421],[-122.344652,47.701428],[-122.344751,47.701429],[-122.347346,47.701436],[-122.347344,47.701333],[-122.347748,47.701081],[-122.348405,47.700867],[-122.350035,47.700987],[-122.350041,47.701444],[-122.351252,47.701447],[-122.352729,47.701452],[-122.354073,47.701456],[-122.354654,47.701457],[-122.355416,47.701459],[-122.356756,47.701466],[-122.358076,47.701472],[-122.358083,47.702198],[-122.355424,47.702184],[-122.355431,47.702908],[-122.355439,47.703633],[-122.357866,47.703648],[-122.358275,47.703651]]]}},{"type":"Feature","properties":{"STATEFP10":"53","ZCTA5CE10":"98101","GEOID10":"5398101","CLASSFP10":"B5","MTFCC10":"G6350","FUNCSTAT10":"S","ALAND10":1344752,"AWATER10":271084,"INTPTLAT10":"+47.6109020","INTPTLON10":"-122.3364219","PARTFLG10":"N"},"geometry":{"type":"Polygon","coordinates":[[[-122.343051,47.610735],[-122.342614,47.611066],[-122.341754,47.611731],[-122.340894,47.612396],[-122.340091,47.613017],[-122.340035,47.613061],[-122.339225,47.613684],[-122.339159,47.613734],[-122.338316,47.61439],[-122.337746,47.61483],[-122.337839,47.615282],[-122.337456,47.615055],[-122.336597,47.615719],[-122.335737,47.616384],[-122.334879,47.617048],[-122.334728,47.617165],[-122.334346,47.617464],[-122.334327,47.617519],[-122.334313,47.617887],[-122.334304,47.618529],[-122.333622,47.618532],[-122.333389,47.618513],[-122.332975,47.618511],[-122.332244,47.618509],[-122.331397,47.618506],[-122.330725,47.61849],[-122.330308,47.618452],[-122.330279,47.618451],[-122.329872,47.618432],[-122.32913,47.618452],[-122.328913,47.61846],[-122.328707,47.618467],[-122.328589,47.61847],[-122.328472,47.618474],[-122.328298,47.61848],[-122.328095,47.618487],[-122.327855,47.618495],[-122.327877,47.617068],[-122.32788,47.616694],[-122.327882,47.616632],[-122.328255,47.616495],[-122.328543,47.616389],[-122.328481,47.616341],[-122.328412,47.616267],[-122.327896,47.615704],[-122.327906,47.615237],[-122.327924,47.614159],[-122.327923,47.614056],[-122.327806,47.613928],[-122.327043,47.613084],[-122.327017,47.613062],[-122.326886,47.612957],[-122.32619,47.612965],[-122.325506,47.612968],[-122.325364,47.612969],[-122.324445,47.612969],[-122.3236,47.612981],[-122.323384,47.612982],[-122.322095,47.612985],[-122.322088,47.612734],[-122.321992,47.612626],[-122.322394,47.612462],[-122.323115,47.612157],[-122.324225,47.611693],[-122.323572,47.610979],[-122.324683,47.610514],[-122.325336,47.611228],[-122.325458,47.611177],[-122.326446,47.610764],[-122.326056,47.610337],[-122.325793,47.61005],[-122.326904,47.609586],[-122.328015,47.609121],[-122.329125,47.608656],[-122.330226,47.608196],[-122.330339,47.608148],[-122.330412,47.608118],[-122.330472,47.608092],[-122.330623,47.60803],[-122.330678,47.608007],[-122.330802,47.607955],[-122.331135,47.607816],[-122.331344,47.607728],[-122.332453,47.607265],[-122.333564,47.606799],[-122.334581,47.606374],[-122.334674,47.606336],[-122.334766,47.606297],[-122.335784,47.605871],[-122.336893,47.605406],[-122.337482,47.60516],[-122.338003,47.604942],[-122.338695,47.60465],[-122.338813,47.604601],[-122.338929,47.604553],[-122.339022,47.604514],[-122.339093,47.604486],[-122.339215,47.604481],[-122.33925,47.604496],[-122.339299,47.604544],[-122.339337,47.60462],[-122.339377,47.60462],[-122.34027,47.60462],[-122.340587,47.60467],[-122.340937,47.60502],[-122.339837,47.60512],[-122.340037,47.60532],[-122.341737,47.60522],[-122.341445,47.6047],[-122.341396,47.604612],[-122.341346,47.604525],[-122.342041,47.604383],[-122.34292,47.604131],[-122.345442,47.603174],[-122.349876,47.607625],[-122.351255,47.60901],[-122.346329,47.60912],[-122.344998,47.609114],[-122.344834,47.609133],[-122.344995,47.609229],[-122.346302,47.609992],[-122.345676,47.610465],[-122.345626,47.610503],[-122.345464,47.610631],[-122.345425,47.610662],[-122.345326,47.610741],[-122.345025,47.610544],[-122.344862,47.610447],[-122.344305,47.610116],[-122.344114,47.609999],[-122.343664,47.61035],[-122.343474,47.610402],[-122.343051,47.610735]]]}},{"type":"Feature","properties":{"STATEFP10":"53","ZCTA5CE10":"98110","GEOID10":"5398110","CLASSFP10":"B5","MTFCC10":"G6350","FUNCSTAT10":"S","ALAND10":71512405,"AWATER10":29499450,"INTPTLAT10":"+47.6469673","INTPTLON10":"-122.5345614","PARTFLG10":"N"},"geometry":{"type":"Polygon","coordinates":[[[-122.554247,47.722107],[-122.552085,47.723923],[-122.551861,47.724067],[-122.551148,47.72453],[-122.550674,47.724784],[-122.550025,47.725115],[-122.549068,47.725526],[-122.548673,47.725658],[-122.546855,47.724775],[-122.543974,47.723679],[-122.541471,47.721405],[-122.539842,47.717785],[-122.539468,47.715174],[-122.538215,47.712227],[-122.534084,47.711132],[-122.5289,47.709139],[-122.528813,47.709244],[-122.527198,47.711216],[-122.524066,47.71189],[-122.519956,47.710981],[-122.518058,47.7113],[-122.514946,47.712132],[-122.510263,47.711668],[-122.507657,47.71151],[-122.505886,47.709048],[-122.503529,47.705532],[-122.501776,47.702669],[-122.500274,47.699636],[-122.500149,47.697195],[-122.499648,47.694162],[-122.499774,47.693748],[-122.50065,47.690878],[-122.500775,47.687087],[-122.501026,47.684684],[-122.501134,47.682666],[-122.503057,47.680652],[-122.502584,47.679151],[-122.502185,47.671356],[-122.50179,47.668668],[-122.50114,47.66762],[-122.498382,47.667086],[-122.495506,47.665402],[-122.49438,47.662538],[-122.494756,47.660349],[-122.496131,47.657906],[-122.498755,47.656467],[-122.501885,47.654537],[-122.506638,47.653106],[-122.50782,47.652854],[-122.509808,47.652433],[-122.507789,47.651069],[-122.506628,47.650285],[-122.504753,47.648854],[-122.503628,47.646664],[-122.502502,47.644642],[-122.500627,47.643043],[-122.498755,47.642078],[-122.496377,47.640853],[-122.492213,47.63932],[-122.489873,47.638435],[-122.486498,47.63681],[-122.484997,47.63462],[-122.485248,47.631505],[-122.487997,47.628809],[-122.490122,47.626368],[-122.489622,47.624514],[-122.487372,47.622409],[-122.487068,47.619611],[-122.487873,47.617356],[-122.492121,47.616766],[-122.495518,47.617825],[-122.495649,47.617866],[-122.495625,47.617761],[-122.495086,47.615307],[-122.494786,47.612586],[-122.493577,47.610372],[-122.493584,47.61027],[-122.493658,47.60922],[-122.493534,47.607704],[-122.49427,47.606792],[-122.495032,47.605851],[-122.495032,47.603409],[-122.495032,47.601639],[-122.493658,47.599198],[-122.493409,47.597682],[-122.493907,47.595324],[-122.495156,47.593723],[-122.493456,47.592989],[-122.489287,47.592208],[-122.486666,47.591197],[-122.48292,47.591113],[-122.479672,47.589513],[-122.476551,47.587996],[-122.475178,47.585722],[-122.474553,47.583365],[-122.476425,47.580586],[-122.479172,47.579491],[-122.482045,47.578396],[-122.486041,47.577638],[-122.490287,47.576879],[-122.494032,47.575953],[-122.495281,47.574605],[-122.498937,47.572596],[-122.502557,47.571308],[-122.504769,47.570522],[-122.50764,47.570184],[-122.511761,47.569931],[-122.515733,47.569784],[-122.518771,47.569916],[-122.521494,47.570395],[-122.521882,47.570622],[-122.523523,47.571582],[-122.526238,47.572585],[-122.526987,47.573426],[-122.528735,47.574101],[-122.529858,47.576459],[-122.530109,47.578649],[-122.531106,47.579575],[-122.532855,47.581343],[-122.533729,47.58387],[-122.535851,47.586985],[-122.538355,47.590107],[-122.540219,47.591366],[-122.54187,47.59224],[-122.543841,47.592124],[-122.544635,47.591142],[-122.544339,47.58985],[-122.54409,47.587996],[-122.543918,47.585847],[-122.545194,47.587506],[-122.545865,47.588231],[-122.54669,47.588814],[-122.547925,47.589688],[-122.550382,47.590833],[-122.552674,47.591264],[-122.553221,47.591367],[-122.556624,47.591161],[-122.56114,47.590344],[-122.564269,47.589649],[-122.566466,47.589162],[-122.567572,47.58881],[-122.569702,47.588132],[-122.570447,47.587866],[-122.571601,47.588071],[-122.573446,47.588645],[-122.575771,47.589569],[-122.575899,47.589631],[-122.577178,47.590252],[-122.5782,47.590884],[-122.579581,47.591738],[-122.581064,47.592904],[-122.582435,47.59422],[-122.583516,47.595529],[-122.584704,47.59746],[-122.58514,47.59851],[-122.585417,47.599224],[-122.585862,47.601419],[-122.586796,47.60781],[-122.586289,47.615955],[-122.585935,47.621477],[-122.585933,47.621508],[-122.585735,47.624602],[-122.585652,47.62549],[-122.585287,47.627716],[-122.58528,47.628626],[-122.58526,47.631295],[-122.585254,47.632368],[-122.585118,47.635783],[-122.585094,47.636406],[-122.585059,47.637014],[-122.585406,47.638254],[-122.585856,47.639377],[-122.586631,47.640831],[-122.588749,47.642375],[-122.591698,47.644484],[-122.592068,47.644748],[-122.593,47.645625],[-122.594049,47.646612],[-122.594322,47.647009],[-122.595556,47.648804],[-122.59788,47.652186],[-122.598363,47.652888],[-122.598797,47.65352],[-122.599748,47.655259],[-122.601749,47.658919],[-122.602799,47.66084],[-122.603728,47.66455],[-122.603436,47.667637],[-122.603391,47.667928],[-122.603183,47.668319],[-122.60175,47.671029],[-122.599044,47.67317],[-122.597082,47.674725],[-122.593365,47.676564],[-122.58702,47.679111],[-122.583193,47.681593],[-122.580487,47.684687],[-122.580002,47.685243],[-122.577689,47.689749],[-122.57711,47.690879],[-122.575994,47.696206],[-122.574013,47.70233],[-122.573054,47.704034],[-122.571564,47.706791],[-122.568803,47.709836],[-122.567541,47.710899],[-122.566,47.7122],[-122.5658,47.712368],[-122.565703,47.712451],[-122.559425,47.71774],[-122.556669,47.720078],[-122.555418,47.721118],[-122.554247,47.722107]]]}},{"type":"Feature","properties":{"STATEFP10":"53","ZCTA5CE10":"98126","GEOID10":"5398126","CLASSFP10":"B5","MTFCC10":"G6350","FUNCSTAT10":"S","ALAND10":7963648,"AWATER10":1777439,"INTPTLAT10":"+47.5556468","INTPTLON10":"-122.3795899","PARTFLG10":"N"},"geometry":{"type":"Polygon","coordinates":[[[-122.38142,47.58945],[-122.381599,47.589644],[-122.381701,47.589795],[-122.38243,47.591294],[-122.382772,47.592029],[-122.382806,47.592101],[-122.383273,47.593115],[-122.383617,47.59386],[-122.383691,47.594019],[-122.383791,47.594177],[-122.383896,47.594307],[-122.384017,47.594427],[-122.384148,47.594546],[-122.384297,47.594647],[-122.384561,47.594792],[-122.384845,47.594917],[-122.385119,47.595016],[-122.385339,47.595077],[-122.385784,47.595155],[-122.386017,47.595175],[-122.38647,47.595177],[-122.386901,47.595133],[-122.386951,47.595124],[-122.387136,47.595089],[-122.387555,47.594972],[-122.387752,47.594897],[-122.388122,47.594722],[-122.388566,47.594504],[-122.389574,47.593998],[-122.390093,47.593743],[-122.3903,47.593597],[-122.390505,47.593401],[-122.392049,47.591569],[-122.392606,47.590888],[-122.392748,47.590725],[-122.392957,47.590527],[-122.394108,47.589512],[-122.395538,47.588298],[-122.395686,47.588357],[-122.395724,47.588372],[-122.396085,47.588581],[-122.397064,47.589117],[-122.397064,47.590729],[-122.399949,47.590775],[-122.396777,47.593228],[-122.396221,47.593885],[-122.393779,47.596765],[-122.38994,47.599389],[-122.387784,47.600639],[-122.383912,47.599376],[-122.37979,47.597523],[-122.377916,47.594659],[-122.375673,47.591369],[-122.374004,47.589996],[-122.372415,47.588688],[-122.364466,47.590528],[-122.360105,47.591537],[-122.360053,47.587377],[-122.360041,47.586398],[-122.360017,47.585744],[-122.359978,47.584699],[-122.36149,47.584584],[-122.361495,47.583795],[-122.361422,47.5833],[-122.361759,47.583155],[-122.361908,47.583109],[-122.361903,47.582708],[-122.362073,47.58258],[-122.36204,47.582227],[-122.362426,47.582224],[-122.364182,47.58217],[-122.365782,47.582142],[-122.367605,47.582138],[-122.369671,47.581808],[-122.370916,47.581608],[-122.371069,47.581584],[-122.372725,47.581319],[-122.372872,47.581296],[-122.372489,47.580227],[-122.372607,47.57909],[-122.372606,47.578955],[-122.372576,47.578822],[-122.372517,47.578693],[-122.37154,47.577015],[-122.371458,47.576811],[-122.370972,47.574627],[-122.370705,47.57175],[-122.369581,47.571727],[-122.368168,47.571716],[-122.367857,47.571708],[-122.367518,47.571708],[-122.367163,47.5717],[-122.366519,47.571699],[-122.366283,47.571703],[-122.366138,47.571697],[-122.365523,47.571645],[-122.364953,47.571585],[-122.364905,47.571585],[-122.364901,47.571482],[-122.3649,47.571413],[-122.362577,47.571403],[-122.362121,47.57142],[-122.362155,47.571384],[-122.362176,47.571336],[-122.362278,47.571249],[-122.362268,47.570847],[-122.362235,47.570783],[-122.36225,47.57016],[-122.362795,47.570187],[-122.363192,47.570195],[-122.363405,47.570171],[-122.363652,47.570119],[-122.36388,47.570049],[-122.364104,47.569964],[-122.364235,47.569877],[-122.364325,47.569766],[-122.364358,47.569634],[-122.364429,47.568344],[-122.365431,47.568343],[-122.36544,47.567619],[-122.365442,47.567533],[-122.365452,47.566895],[-122.365458,47.566533],[-122.365463,47.566171],[-122.365474,47.565448],[-122.365461,47.564724],[-122.365945,47.564723],[-122.366189,47.564722],[-122.367285,47.56472],[-122.370809,47.564712],[-122.371966,47.564697],[-122.372187,47.563979],[-122.372247,47.563759],[-122.372259,47.563549],[-122.372268,47.563383],[-122.372311,47.563242],[-122.372375,47.563104],[-122.372455,47.562982],[-122.372576,47.562827],[-122.37268,47.562731],[-122.37281,47.56265],[-122.372939,47.562584],[-122.373009,47.562539],[-122.373049,47.562473],[-122.373079,47.562383],[-122.37312,47.562319],[-122.3732,47.562239],[-122.373332,47.562186],[-122.374242,47.56197],[-122.374502,47.561923],[-122.374705,47.561904],[-122.374908,47.561894],[-122.375175,47.56191],[-122.375477,47.561943],[-122.37566,47.561974],[-122.37587,47.562022],[-122.376049,47.562045],[-122.376204,47.562033],[-122.376218,47.561064],[-122.376234,47.559275],[-122.376238,47.558655],[-122.37567,47.558078],[-122.375474,47.557923],[-122.375357,47.557741],[-122.375331,47.557599],[-122.37541,47.557198],[-122.375369,47.555594],[-122.37534,47.554468],[-122.375326,47.554375],[-122.375179,47.554067],[-122.375138,47.553936],[-122.375127,47.553815],[-122.375142,47.553776],[-122.375018,47.553776],[-122.374973,47.553753],[-122.374942,47.553805],[-122.374886,47.553824],[-122.374821,47.553826],[-122.374377,47.553813],[-122.372487,47.553704],[-122.372455,47.553735],[-122.372405,47.553744],[-122.372336,47.553737],[-122.372306,47.553727],[-122.37089,47.553738],[-122.370854,47.553763],[-122.370804,47.553776],[-122.370725,47.553782],[-122.36963,47.553783],[-122.36842,47.553783],[-122.368431,47.551896],[-122.368439,47.550888],[-122.368478,47.550017],[-122.365581,47.55001],[-122.365592,47.548158],[-122.365588,47.547005],[-122.365598,47.546735],[-122.365589,47.546495],[-122.365616,47.545967],[-122.36562,47.545534],[-122.365647,47.545139],[-122.36573,47.539878],[-122.365998,47.540021],[-122.36615,47.540076],[-122.366321,47.54012],[-122.366482,47.540145],[-122.366731,47.540161],[-122.367879,47.540185],[-122.368062,47.540198],[-122.368281,47.540227],[-122.368716,47.540321],[-122.368921,47.540387],[-122.368939,47.540299],[-122.36895,47.540242],[-122.368957,47.540193],[-122.368971,47.540131],[-122.368983,47.540056],[-122.368969,47.539979],[-122.368937,47.539894],[-122.368918,47.539847],[-122.368883,47.539807],[-122.368828,47.539773],[-122.368763,47.539748],[-122.368696,47.539732],[-122.368626,47.53972],[-122.368542,47.539712],[-122.368466,47.539711],[-122.368397,47.539714],[-122.368278,47.539718],[-122.368158,47.539718],[-122.368025,47.539716],[-122.368007,47.539714],[-122.36797,47.539636],[-122.367835,47.539544],[-122.367781,47.539423],[-122.36769,47.539219],[-122.367667,47.539166],[-122.366969,47.539158],[-122.366703,47.53848],[-122.366664,47.538369],[-122.366644,47.538303],[-122.366657,47.538225],[-122.366808,47.537989],[-122.367037,47.537884],[-122.36727,47.537769],[-122.367247,47.537667],[-122.367248,47.537369],[-122.367234,47.537261],[-122.36711,47.537077],[-122.367107,47.536949],[-122.36686,47.53691],[-122.366803,47.536887],[-122.366737,47.536851],[-122.366614,47.536795],[-122.36646,47.536737],[-122.366444,47.536111],[-122.366458,47.535527],[-122.366318,47.535526],[-122.365866,47.535528],[-122.365865,47.535527],[-122.364475,47.535521],[-122.364477,47.535193],[-122.364581,47.535193],[-122.364578,47.534707],[-122.364187,47.534707],[-122.364157,47.533697],[-122.365818,47.533701],[-122.365824,47.533222],[-122.365832,47.532564],[-122.36584,47.531879],[-122.367189,47.531883],[-122.367197,47.530081],[-122.367206,47.528279],[-122.368553,47.52828],[-122.369901,47.528281],[-122.371248,47.528281],[-122.371254,47.526473],[-122.369908,47.526475],[-122.369914,47.524668],[-122.368656,47.524671],[-122.367338,47.524675],[-122.366409,47.524677],[-122.365878,47.524679],[-122.364529,47.524682],[-122.364535,47.523501],[-122.365108,47.5235],[-122.365182,47.523487],[-122.365167,47.522882],[-122.365382,47.522885],[-122.365402,47.521692],[-122.365849,47.521692],[-122.365858,47.521241],[-122.365875,47.521021],[-122.365905,47.519191],[-122.365915,47.517361],[-122.36728,47.517377],[-122.367695,47.517381],[-122.367216,47.513916],[-122.367343,47.513572],[-122.368502,47.513693],[-122.368442,47.512299],[-122.371,47.51229],[-122.37102,47.512548],[-122.37108,47.513335],[-122.371104,47.513705],[-122.371857,47.513708],[-122.373084,47.513713],[-122.374181,47.513718],[-122.375279,47.513722],[-122.376376,47.513722],[-122.376743,47.513723],[-122.376829,47.514026],[-122.377171,47.514205],[-122.378222,47.514298],[-122.378966,47.51406],[-122.379038,47.513735],[-122.379117,47.513736],[-122.379447,47.513737],[-122.381858,47.513751],[-122.381887,47.514069],[-122.381944,47.514689],[-122.382029,47.51562],[-122.382115,47.516555],[-122.381906,47.516857],[-122.381566,47.516857],[-122.381575,47.52073],[-122.382125,47.52073],[-122.382123,47.521107],[-122.380781,47.521096],[-122.380735,47.5229],[-122.382081,47.522915],[-122.382041,47.524724],[-122.382032,47.525888],[-122.38196,47.526067],[-122.381901,47.526168],[-122.381977,47.526302],[-122.382016,47.52643],[-122.382029,47.526962],[-122.382025,47.527686],[-122.382022,47.52841],[-122.382014,47.529147],[-122.38201,47.529884],[-122.382006,47.530621],[-122.382001,47.531358],[-122.381995,47.532096],[-122.381988,47.532819],[-122.38198,47.533543],[-122.381974,47.534266],[-122.381966,47.53499],[-122.381961,47.535696],[-122.38195,47.536901],[-122.381958,47.537437],[-122.381968,47.537478],[-122.381994,47.537496],[-122.381894,47.537655],[-122.381932,47.538238],[-122.381936,47.53829],[-122.38192,47.539708],[-122.381912,47.540173],[-122.381904,47.541109],[-122.381661,47.541209],[-122.381172,47.541204],[-122.381134,47.543673],[-122.381882,47.543897],[-122.381877,47.544801],[-122.381261,47.544784],[-122.381176,47.546276],[-122.381402,47.546369],[-122.381446,47.546597],[-122.381857,47.546605],[-122.381787,47.54842],[-122.381717,47.550223],[-122.38115,47.550214],[-122.380934,47.55021],[-122.380372,47.550202],[-122.380334,47.552016],[-122.380721,47.552021],[-122.380727,47.554459],[-122.380889,47.554459],[-122.380889,47.554989],[-122.380783,47.554989],[-122.380783,47.555636],[-122.381129,47.555637],[-122.381423,47.555638],[-122.381528,47.555628],[-122.381464,47.557458],[-122.381182,47.557455],[-122.380801,47.557453],[-122.380713,47.557452],[-122.380204,47.557451],[-122.380173,47.557532],[-122.380174,47.55761],[-122.380199,47.559184],[-122.380199,47.559231],[-122.380823,47.559251],[-122.381068,47.559251],[-122.381459,47.559252],[-122.381471,47.560955],[-122.381532,47.561118],[-122.381467,47.561196],[-122.3812,47.561409],[-122.381353,47.561497],[-122.381411,47.561552],[-122.381444,47.561637],[-122.381455,47.562872],[-122.380988,47.562871],[-122.380094,47.562871],[-122.380092,47.564679],[-122.380823,47.564679],[-122.381353,47.56468],[-122.38155,47.56468],[-122.38154,47.566411],[-122.381451,47.566488],[-122.381015,47.566487],[-122.380766,47.56654],[-122.380812,47.56834],[-122.380234,47.568342],[-122.380088,47.568365],[-122.380141,47.568421],[-122.380151,47.568464],[-122.380144,47.569123],[-122.380858,47.570204],[-122.380341,47.570751],[-122.380337,47.571207],[-122.380889,47.571211],[-122.380868,47.573146],[-122.380806,47.575591],[-122.38137,47.575595],[-122.381339,47.576922],[-122.381326,47.577447],[-122.381302,47.578318],[-122.381276,47.579288],[-122.381261,47.580292],[-122.381239,47.581112],[-122.381237,47.581186],[-122.382251,47.581161],[-122.382249,47.581306],[-122.38205,47.581842],[-122.381947,47.581992],[-122.381158,47.582813],[-122.381048,47.583027],[-122.380661,47.583528],[-122.380509,47.583752],[-122.380304,47.58377],[-122.380139,47.583846],[-122.379913,47.584054],[-122.37936,47.58462],[-122.37907,47.584903],[-122.378782,47.585463],[-122.379453,47.585588],[-122.379374,47.586693],[-122.379178,47.586678],[-122.379983,47.587983],[-122.380944,47.588001],[-122.382029,47.588771],[-122.382126,47.588787],[-122.382068,47.588868],[-122.382055,47.588903],[-122.38207,47.58905],[-122.382143,47.589238],[-122.382311,47.589665],[-122.382656,47.590386],[-122.38268,47.590512],[-122.382663,47.590607],[-122.382602,47.590677],[-122.382527,47.59057],[-122.38205,47.589848],[-122.381948,47.589741],[-122.381809,47.589632],[-122.38142,47.58945]]]}},{"type":"Feature","properties":{"STATEFP10":"53","ZCTA5CE10":"98105","GEOID10":"5398105","CLASSFP10":"B5","MTFCC10":"G6350","FUNCSTAT10":"S","ALAND10":10689306,"AWATER10":6434743,"INTPTLAT10":"+47.6598613","INTPTLON10":"-122.2849767","PARTFLG10":"N"},"geometry":{"type":"Polygon","coordinates":[[[-122.275585,47.64739],[-122.275836,47.647394],[-122.27702,47.64741],[-122.285036,47.64752],[-122.286736,47.64752],[-122.290427,47.647478],[-122.300269,47.647366],[-122.300813,47.647363],[-122.304452,47.647348],[-122.304599,47.647402],[-122.304594,47.647713],[-122.304592,47.647819],[-122.304592,47.648136],[-122.304604,47.648841],[-122.304627,47.648928],[-122.30466,47.649002],[-122.304823,47.649124],[-122.305033,47.649238],[-122.306,47.649726],[-122.306573,47.650007],[-122.306776,47.650115],[-122.307602,47.650529],[-122.308553,47.651012],[-122.309237,47.651338],[-122.310729,47.652093],[-122.310837,47.652146],[-122.311517,47.652483],[-122.312206,47.652846],[-122.312271,47.650747],[-122.312272,47.650578],[-122.312323,47.64969],[-122.31228,47.649632],[-122.312294,47.649395],[-122.312412,47.647196],[-122.313037,47.64722],[-122.313275,47.647413],[-122.313382,47.6475],[-122.313428,47.647537],[-122.313497,47.647593],[-122.315875,47.649525],[-122.319939,47.652826],[-122.320292,47.652851],[-122.322227,47.653024],[-122.322345,47.652948],[-122.322476,47.652866],[-122.322628,47.652772],[-122.323207,47.652411],[-122.326537,47.65032],[-122.32654,47.653224],[-122.32685,47.653615],[-122.326996,47.653573],[-122.32716,47.65351],[-122.327524,47.653343],[-122.327719,47.653211],[-122.327874,47.653087],[-122.328777,47.652181],[-122.329036,47.651963],[-122.329287,47.651766],[-122.329931,47.651308],[-122.330372,47.650944],[-122.330629,47.650872],[-122.330806,47.650787],[-122.331247,47.650493],[-122.33136,47.650472],[-122.331462,47.650487],[-122.331545,47.6505],[-122.331366,47.650707],[-122.330952,47.651065],[-122.330304,47.651531],[-122.32973,47.651936],[-122.329267,47.6523],[-122.329085,47.652452],[-122.32851,47.653039],[-122.327904,47.65365],[-122.327902,47.653759],[-122.327895,47.654305],[-122.328338,47.654283],[-122.32842,47.654279],[-122.32907,47.654283],[-122.329052,47.655556],[-122.328053,47.655549],[-122.327879,47.655548],[-122.327848,47.657705],[-122.328087,47.657705],[-122.328162,47.657706],[-122.328317,47.657782],[-122.328298,47.659038],[-122.328282,47.660098],[-122.328279,47.660251],[-122.328262,47.661358],[-122.328253,47.662607],[-122.328269,47.665001],[-122.3283,47.665733],[-122.328296,47.666006],[-122.328593,47.666458],[-122.328609,47.666744],[-122.328587,47.666822],[-122.328531,47.666913],[-122.328457,47.666985],[-122.328337,47.667058],[-122.32796,47.667178],[-122.328192,47.667204],[-122.328285,47.667223],[-122.328672,47.667306],[-122.328932,47.667411],[-122.32938,47.667657],[-122.329541,47.667902],[-122.328267,47.667903],[-122.328271,47.668646],[-122.328259,47.669364],[-122.328247,47.670115],[-122.328236,47.670854],[-122.328225,47.671567],[-122.325521,47.671548],[-122.325503,47.672022],[-122.325495,47.67226],[-122.325226,47.672258],[-122.324461,47.672253],[-122.323448,47.672246],[-122.322822,47.672243],[-122.322372,47.672241],[-122.322316,47.672268],[-122.322288,47.672308],[-122.322107,47.67227],[-122.321978,47.672262],[-122.321807,47.672252],[-122.321768,47.67225],[-122.321597,47.67224],[-122.321326,47.672224],[-122.32097,47.672225],[-122.320796,47.672227],[-122.320062,47.672222],[-122.318995,47.672211],[-122.318872,47.672261],[-122.318783,47.672336],[-122.317365,47.672013],[-122.317365,47.672267],[-122.315782,47.671897],[-122.314324,47.671553],[-122.314176,47.671451],[-122.314056,47.671357],[-122.313381,47.671207],[-122.313015,47.671203],[-122.31298,47.67125],[-122.312905,47.67133],[-122.31228,47.671807],[-122.311907,47.672104],[-122.311919,47.673977],[-122.311764,47.673985],[-122.310412,47.673973],[-122.310274,47.673941],[-122.309779,47.67381],[-122.306511,47.67262],[-122.3065,47.670722],[-122.306499,47.670672],[-122.305837,47.670523],[-122.304131,47.670099],[-122.304028,47.670054],[-122.303955,47.670001],[-122.303919,47.669957],[-122.303901,47.669935],[-122.30388,47.66985],[-122.303901,47.669576],[-122.30391,47.669559],[-122.303918,47.669544],[-122.304038,47.66946],[-122.304005,47.669378],[-122.303981,47.669196],[-122.303918,47.668713],[-122.303874,47.668234],[-122.303856,47.66798],[-122.303846,47.667921],[-122.303391,47.668024],[-122.303242,47.66806],[-122.301729,47.66844],[-122.301532,47.668478],[-122.3015,47.668484],[-122.301155,47.668522],[-122.301074,47.668522],[-122.301095,47.6701],[-122.301088,47.670656],[-122.30129,47.670656],[-122.301883,47.671397],[-122.302074,47.671522],[-122.302959,47.672103],[-122.302794,47.672103],[-122.302607,47.672103],[-122.30241,47.672067],[-122.301725,47.67207],[-122.301646,47.672104],[-122.301595,47.672134],[-122.301525,47.672151],[-122.301474,47.67215],[-122.300781,47.672149],[-122.300641,47.672148],[-122.299585,47.672148],[-122.29853,47.672148],[-122.297475,47.672148],[-122.296419,47.67215],[-122.296229,47.67215],[-122.295364,47.672147],[-122.29506,47.672147],[-122.294742,47.672147],[-122.294308,47.672147],[-122.29385,47.672147],[-122.293253,47.672147],[-122.293158,47.672147],[-122.29264,47.672146],[-122.292643,47.670322],[-122.291433,47.670321],[-122.291431,47.672146],[-122.291143,47.672146],[-122.290776,47.672146],[-122.290235,47.672146],[-122.289123,47.672146],[-122.288574,47.672146],[-122.288011,47.672146],[-122.286898,47.672146],[-122.285786,47.672146],[-122.284865,47.672146],[-122.283523,47.672146],[-122.28218,47.672146],[-122.280838,47.672146],[-122.279496,47.672146],[-122.279213,47.672156],[-122.278845,47.672205],[-122.278561,47.67227],[-122.278291,47.672358],[-122.278037,47.672467],[-122.277546,47.672746],[-122.277218,47.672897],[-122.276919,47.673003],[-122.276606,47.673087],[-122.276281,47.673149],[-122.275865,47.673194],[-122.274673,47.673274],[-122.274635,47.673084],[-122.27463,47.672939],[-122.274646,47.672796],[-122.274699,47.672607],[-122.274786,47.672424],[-122.274874,47.672293],[-122.275019,47.672127],[-122.275184,47.671985],[-122.275105,47.671887],[-122.275116,47.671776],[-122.274713,47.671695],[-122.274548,47.671693],[-122.274426,47.671707],[-122.27427,47.671745],[-122.27413,47.671804],[-122.274011,47.671881],[-122.273919,47.671974],[-122.273846,47.672132],[-122.272754,47.672129],[-122.272698,47.672128],[-122.271619,47.672128],[-122.27147,47.672127],[-122.271226,47.672126],[-122.270816,47.672125],[-122.270412,47.672123],[-122.268231,47.672117],[-122.268682,47.671794],[-122.268568,47.671724],[-122.268029,47.672113],[-122.266167,47.672111],[-122.264584,47.672105],[-122.263475,47.672101],[-122.262167,47.672095],[-122.260988,47.672089],[-122.26081,47.672088],[-122.259569,47.672085],[-122.258129,47.672079],[-122.256306,47.672068],[-122.256137,47.672003],[-122.255711,47.672507],[-122.255306,47.672978],[-122.254949,47.673406],[-122.254847,47.673528],[-122.254647,47.673771],[-122.254404,47.674065],[-122.253986,47.674473],[-122.253405,47.674493],[-122.252256,47.674153],[-122.251244,47.673683],[-122.249941,47.673054],[-122.231435,47.66412],[-122.238035,47.65922],[-122.240259,47.6577],[-122.255735,47.64712],[-122.271139,47.64733],[-122.275585,47.64739]]]}},{"type":"Feature","properties":{"STATEFP10":"53","ZCTA5CE10":"98116","GEOID10":"5398116","CLASSFP10":"B5","MTFCC10":"G6350","FUNCSTAT10":"S","ALAND10":7657204,"AWATER10":1880414,"INTPTLAT10":"+47.5739335","INTPTLON10":"-122.4001751","PARTFLG10":"N"},"geometry":{"type":"Polygon","coordinates":[[[-122.38137,47.575595],[-122.380806,47.575591],[-122.380868,47.573146],[-122.380889,47.571211],[-122.380337,47.571207],[-122.380341,47.570751],[-122.380858,47.570204],[-122.380144,47.569123],[-122.380151,47.568464],[-122.380141,47.568421],[-122.380088,47.568365],[-122.380234,47.568342],[-122.380812,47.56834],[-122.380766,47.56654],[-122.381015,47.566487],[-122.381451,47.566488],[-122.38154,47.566411],[-122.38155,47.56468],[-122.381353,47.56468],[-122.380823,47.564679],[-122.380092,47.564679],[-122.380094,47.562871],[-122.380988,47.562871],[-122.381455,47.562872],[-122.381444,47.561637],[-122.381411,47.561552],[-122.381353,47.561497],[-122.3812,47.561409],[-122.381467,47.561196],[-122.381532,47.561118],[-122.381471,47.560955],[-122.381459,47.559252],[-122.381068,47.559251],[-122.380823,47.559251],[-122.380199,47.559231],[-122.380199,47.559184],[-122.380174,47.55761],[-122.380173,47.557532],[-122.380204,47.557451],[-122.380713,47.557452],[-122.380801,47.557453],[-122.381182,47.557455],[-122.381464,47.557458],[-122.382857,47.557468],[-122.383781,47.557474],[-122.384027,47.557474],[-122.384129,47.557475],[-122.384365,47.557478],[-122.384536,47.557479],[-122.384686,47.557481],[-122.385421,47.557486],[-122.385566,47.557487],[-122.385852,47.557489],[-122.386442,47.557493],[-122.386884,47.557513],[-122.386886,47.557461],[-122.388715,47.557483],[-122.389793,47.557512],[-122.389893,47.557416],[-122.389961,47.557318],[-122.390001,47.557233],[-122.390028,47.557121],[-122.390111,47.557128],[-122.390155,47.557146],[-122.390164,47.55736],[-122.390184,47.5574],[-122.390231,47.557438],[-122.39041,47.557498],[-122.390555,47.55753],[-122.390968,47.557535],[-122.39114,47.557537],[-122.392262,47.557546],[-122.393605,47.557558],[-122.394948,47.557564],[-122.395549,47.557471],[-122.396345,47.557482],[-122.397647,47.557495],[-122.39776,47.557496],[-122.398559,47.557504],[-122.398693,47.557501],[-122.398805,47.557526],[-122.398877,47.557552],[-122.398938,47.557604],[-122.398958,47.557669],[-122.398986,47.557976],[-122.399008,47.558034],[-122.399041,47.558111],[-122.399095,47.558206],[-122.399093,47.557207],[-122.399404,47.556932],[-122.399839,47.557973],[-122.400735,47.557703],[-122.400995,47.557314],[-122.401871,47.55845],[-122.402766,47.559614],[-122.403908,47.559597],[-122.405727,47.559595],[-122.406516,47.560625],[-122.409757,47.560272],[-122.413454,47.564396],[-122.413704,47.567091],[-122.414266,47.567533],[-122.415951,47.56886],[-122.419008,47.570266],[-122.423903,47.572517],[-122.424189,47.572649],[-122.425436,47.575764],[-122.424937,47.578291],[-122.423194,47.57984],[-122.422566,47.580397],[-122.42139,47.580768],[-122.413278,47.583331],[-122.413102,47.583387],[-122.411922,47.583759],[-122.410833,47.584103],[-122.40681,47.586086],[-122.405217,47.586873],[-122.404608,47.587174],[-122.399949,47.590775],[-122.397064,47.590729],[-122.397064,47.589117],[-122.396085,47.588581],[-122.395724,47.588372],[-122.395686,47.588357],[-122.395538,47.588298],[-122.394108,47.589512],[-122.392957,47.590527],[-122.392748,47.590725],[-122.392606,47.590888],[-122.392049,47.591569],[-122.390505,47.593401],[-122.3903,47.593597],[-122.390093,47.593743],[-122.389574,47.593998],[-122.388566,47.594504],[-122.388122,47.594722],[-122.387752,47.594897],[-122.387555,47.594972],[-122.387136,47.595089],[-122.386951,47.595124],[-122.386901,47.595133],[-122.38647,47.595177],[-122.386017,47.595175],[-122.385784,47.595155],[-122.385339,47.595077],[-122.385119,47.595016],[-122.384845,47.594917],[-122.384561,47.594792],[-122.384297,47.594647],[-122.384148,47.594546],[-122.384017,47.594427],[-122.383896,47.594307],[-122.383791,47.594177],[-122.383691,47.594019],[-122.383617,47.59386],[-122.383273,47.593115],[-122.382806,47.592101],[-122.382772,47.592029],[-122.38243,47.591294],[-122.381701,47.589795],[-122.381599,47.589644],[-122.38142,47.58945],[-122.381809,47.589632],[-122.381948,47.589741],[-122.38205,47.589848],[-122.382527,47.59057],[-122.382602,47.590677],[-122.382663,47.590607],[-122.38268,47.590512],[-122.382656,47.590386],[-122.382311,47.589665],[-122.382143,47.589238],[-122.38207,47.58905],[-122.382055,47.588903],[-122.382068,47.588868],[-122.382126,47.588787],[-122.382029,47.588771],[-122.380944,47.588001],[-122.379983,47.587983],[-122.379178,47.586678],[-122.379374,47.586693],[-122.379453,47.585588],[-122.378782,47.585463],[-122.37907,47.584903],[-122.37936,47.58462],[-122.379913,47.584054],[-122.380139,47.583846],[-122.380304,47.58377],[-122.380509,47.583752],[-122.380661,47.583528],[-122.381048,47.583027],[-122.381158,47.582813],[-122.381947,47.581992],[-122.38205,47.581842],[-122.382249,47.581306],[-122.382251,47.581161],[-122.381237,47.581186],[-122.381239,47.581112],[-122.381261,47.580292],[-122.381276,47.579288],[-122.381302,47.578318],[-122.381326,47.577447],[-122.381339,47.576922],[-122.38137,47.575595]]]}},{"type":"Feature","properties":{"STATEFP10":"53","ZCTA5CE10":"98107","GEOID10":"5398107","CLASSFP10":"B5","MTFCC10":"G6350","FUNCSTAT10":"S","ALAND10":5704026,"AWATER10":704217,"INTPTLAT10":"+47.6675273","INTPTLON10":"-122.3775511","PARTFLG10":"N"},"geometry":{"type":"Polygon","coordinates":[[[-122.411088,47.673767],[-122.413501,47.675231],[-122.414259,47.675691],[-122.414045,47.675855],[-122.412897,47.675852],[-122.412,47.67585],[-122.406325,47.675823],[-122.406325,47.675966],[-122.406323,47.676786],[-122.406308,47.67691],[-122.40584,47.676919],[-122.405395,47.6769],[-122.405401,47.676347],[-122.405407,47.675825],[-122.405372,47.675094],[-122.40535,47.675096],[-122.405246,47.675102],[-122.405052,47.675163],[-122.404879,47.675233],[-122.40476,47.675204],[-122.404738,47.675164],[-122.404708,47.674973],[-122.404668,47.674868],[-122.403508,47.674861],[-122.403497,47.675817],[-122.403413,47.675812],[-122.401061,47.675795],[-122.401067,47.675263],[-122.39838,47.67527],[-122.398369,47.67578],[-122.398367,47.675862],[-122.398264,47.675862],[-122.39814,47.675862],[-122.396933,47.675872],[-122.395685,47.675883],[-122.392958,47.675904],[-122.392974,47.675552],[-122.392991,47.675204],[-122.39011,47.675243],[-122.39011,47.675292],[-122.390107,47.675594],[-122.390105,47.675927],[-122.390003,47.675927],[-122.389695,47.67593],[-122.388624,47.675939],[-122.387685,47.675935],[-122.387547,47.675935],[-122.387248,47.67594],[-122.386427,47.675955],[-122.385355,47.675962],[-122.38504,47.675963],[-122.384937,47.675964],[-122.384741,47.675966],[-122.384741,47.675285],[-122.382216,47.675282],[-122.382125,47.675283],[-122.382126,47.675687],[-122.382127,47.675726],[-122.382129,47.675984],[-122.381045,47.675987],[-122.379973,47.67599],[-122.378882,47.675993],[-122.378882,47.675707],[-122.378882,47.675279],[-122.376212,47.675278],[-122.376221,47.675489],[-122.376168,47.675563],[-122.37612,47.675683],[-122.376117,47.675992],[-122.375908,47.675992],[-122.375645,47.675989],[-122.37558,47.675988],[-122.37401,47.67599],[-122.373574,47.675991],[-122.373158,47.675993],[-122.371946,47.675999],[-122.371399,47.675997],[-122.370845,47.675993],[-122.369779,47.675991],[-122.369067,47.675987],[-122.36874,47.675986],[-122.368688,47.675986],[-122.367624,47.67598],[-122.36656,47.675982],[-122.366197,47.675983],[-122.366025,47.675984],[-122.365538,47.675987],[-122.365065,47.675988],[-122.364523,47.675989],[-122.36401,47.675989],[-122.363517,47.67599],[-122.362942,47.675991],[-122.362504,47.675991],[-122.361863,47.675992],[-122.3615,47.675992],[-122.360696,47.675995],[-122.35947,47.675995],[-122.358455,47.675996],[-122.357441,47.675997],[-122.357454,47.674016],[-122.357467,47.672349],[-122.357721,47.672349],[-122.35772,47.671873],[-122.35772,47.671645],[-122.357718,47.67119],[-122.357718,47.670645],[-122.356538,47.670293],[-122.357133,47.669897],[-122.357086,47.669805],[-122.357085,47.669111],[-122.357087,47.668673],[-122.357361,47.668674],[-122.357375,47.668172],[-122.357376,47.667931],[-122.357379,47.667513],[-122.357384,47.666855],[-122.357385,47.666356],[-122.357125,47.666184],[-122.357127,47.665777],[-122.357137,47.66503],[-122.357135,47.664304],[-122.357132,47.663591],[-122.358031,47.66359],[-122.357651,47.663251],[-122.357606,47.663216],[-122.357664,47.663182],[-122.357687,47.663159],[-122.357694,47.663117],[-122.357709,47.662376],[-122.357863,47.662376],[-122.35786,47.661584],[-122.357827,47.661499],[-122.357654,47.66154],[-122.357573,47.661535],[-122.357302,47.661464],[-122.357239,47.661421],[-122.357235,47.659943],[-122.35725,47.65958],[-122.357251,47.659461],[-122.357261,47.658],[-122.357263,47.657724],[-122.357495,47.657721],[-122.357527,47.657718],[-122.357544,47.657706],[-122.357563,47.657694],[-122.357573,47.657677],[-122.357586,47.656344],[-122.357178,47.656345],[-122.357184,47.655576],[-122.357189,47.654863],[-122.357193,47.654149],[-122.357363,47.654149],[-122.35766,47.654149],[-122.357663,47.652964],[-122.357664,47.65292],[-122.357666,47.652129],[-122.357603,47.651964],[-122.358254,47.652146],[-122.359398,47.652676],[-122.359493,47.652564],[-122.354517,47.65019],[-122.354463,47.649932],[-122.355448,47.650416],[-122.360539,47.65292],[-122.362437,47.653907],[-122.366107,47.655788],[-122.367339,47.65642],[-122.370501,47.657474],[-122.371713,47.657878],[-122.376027,47.659319],[-122.376224,47.659353],[-122.380401,47.660075],[-122.38744,47.66322],[-122.390115,47.663658],[-122.390665,47.663747],[-122.391047,47.66381],[-122.39122,47.663839],[-122.392223,47.663976],[-122.392511,47.664015],[-122.393682,47.66368],[-122.402046,47.666072],[-122.402732,47.666273],[-122.403514,47.66666],[-122.403623,47.666714],[-122.40435,47.667172],[-122.405335,47.668026],[-122.405716,47.66858],[-122.406027,47.669032],[-122.406716,47.670366],[-122.406673,47.670744],[-122.40804,47.671919],[-122.408385,47.672128],[-122.411088,47.673767]]]}},{"type":"Feature","properties":{"STATEFP10":"53","ZCTA5CE10":"98108","GEOID10":"5398108","CLASSFP10":"B5","MTFCC10":"G6350","FUNCSTAT10":"S","ALAND10":19384665,"AWATER10":964749,"INTPTLAT10":"+47.5348617","INTPTLON10":"-122.3057936","PARTFLG10":"N"},"geometry":{"type":"Polygon","coordinates":[[[-122.335291,47.554961],[-122.335287,47.555692],[-122.334217,47.555678],[-122.332367,47.555681],[-122.33091,47.555668],[-122.329533,47.555651],[-122.329514,47.557563],[-122.32946,47.558873],[-122.329434,47.559487],[-122.329387,47.560634],[-122.329365,47.561317],[-122.329356,47.56158],[-122.329352,47.561917],[-122.329363,47.562842],[-122.329399,47.563101],[-122.32943,47.564667],[-122.329424,47.566249],[-122.329444,47.566811],[-122.329421,47.56699],[-122.329376,47.567144],[-122.328415,47.567137],[-122.328041,47.567159],[-122.327463,47.567159],[-122.32718,47.567035],[-122.327084,47.566992],[-122.326816,47.566881],[-122.326734,47.566846],[-122.326738,47.567166],[-122.326759,47.568043],[-122.326779,47.568918],[-122.326794,47.569192],[-122.326765,47.569422],[-122.326708,47.569561],[-122.326614,47.569669],[-122.326333,47.569886],[-122.326079,47.570169],[-122.325993,47.57037],[-122.325984,47.57062],[-122.324743,47.570653],[-122.324083,47.570658],[-122.324054,47.569814],[-122.322714,47.569827],[-122.321844,47.56983],[-122.321724,47.569831],[-122.321352,47.569833],[-122.321274,47.569049],[-122.321256,47.568861],[-122.321296,47.567205],[-122.320987,47.56721],[-122.320834,47.567206],[-122.320533,47.568611],[-122.320429,47.569146],[-122.320324,47.569825],[-122.320284,47.570243],[-122.320213,47.570643],[-122.320207,47.570723],[-122.320163,47.571199],[-122.320132,47.571726],[-122.320124,47.571863],[-122.320096,47.572316],[-122.320091,47.572433],[-122.319848,47.572568],[-122.319854,47.572453],[-122.319882,47.572041],[-122.319898,47.57185],[-122.319924,47.57131],[-122.319987,47.57042],[-122.319922,47.570318],[-122.319852,47.570166],[-122.319809,47.570027],[-122.319792,47.569942],[-122.319783,47.569757],[-122.319812,47.56955],[-122.319995,47.568601],[-122.319864,47.568911],[-122.319665,47.569587],[-122.319628,47.569768],[-122.319608,47.56995],[-122.319606,47.57001],[-122.316418,47.570166],[-122.316073,47.569975],[-122.316027,47.569859],[-122.315509,47.569859],[-122.31545,47.569844],[-122.315421,47.569816],[-122.315416,47.569805],[-122.315408,47.569785],[-122.315381,47.569569],[-122.315373,47.569122],[-122.315367,47.569081],[-122.315371,47.569053],[-122.315379,47.569046],[-122.314729,47.569038],[-122.314744,47.569723],[-122.314372,47.569707],[-122.314094,47.56899],[-122.31376,47.568991],[-122.313446,47.568993],[-122.313433,47.569164],[-122.313429,47.569865],[-122.313416,47.57106],[-122.313266,47.571269],[-122.313055,47.571436],[-122.31289,47.571496],[-122.312521,47.57163],[-122.312066,47.571758],[-122.311656,47.571862],[-122.311409,47.571901],[-122.31031,47.571904],[-122.309619,47.571902],[-122.308247,47.571902],[-122.307538,47.571902],[-122.306476,47.571922],[-122.305322,47.571921],[-122.304451,47.571921],[-122.303415,47.571921],[-122.301748,47.571923],[-122.301778,47.57095],[-122.300564,47.570937],[-122.300564,47.570592],[-122.300812,47.570264],[-122.299136,47.569578],[-122.299101,47.569906],[-122.299118,47.569994],[-122.299162,47.570126],[-122.299203,47.570581],[-122.299139,47.572547],[-122.298924,47.572552],[-122.298555,47.57254],[-122.29846,47.57253],[-122.298382,47.572512],[-122.298307,47.572481],[-122.298248,47.572441],[-122.298156,47.572347],[-122.297771,47.571707],[-122.297461,47.571756],[-122.296812,47.571975],[-122.29682,47.571624],[-122.296599,47.57142],[-122.295901,47.570422],[-122.295884,47.57033],[-122.295734,47.570095],[-122.295436,47.569734],[-122.295359,47.569623],[-122.294448,47.569617],[-122.29419,47.569623],[-122.293019,47.569628],[-122.292075,47.570186],[-122.291935,47.568023],[-122.291909,47.568019],[-122.291838,47.567985],[-122.291811,47.567968],[-122.291761,47.567936],[-122.291713,47.567886],[-122.291667,47.567826],[-122.291637,47.567762],[-122.291619,47.567699],[-122.291607,47.56743],[-122.29161,47.56731],[-122.291634,47.567172],[-122.291632,47.567021],[-122.291616,47.56686],[-122.291614,47.566667],[-122.291623,47.56646],[-122.291605,47.566276],[-122.291571,47.566174],[-122.29149,47.565871],[-122.291148,47.564591],[-122.29115,47.564576],[-122.291358,47.564544],[-122.291443,47.564527],[-122.291525,47.564503],[-122.291665,47.564417],[-122.292433,47.564432],[-122.292443,47.564423],[-122.292433,47.564386],[-122.292321,47.564021],[-122.29204,47.563499],[-122.291855,47.562833],[-122.292057,47.562834],[-122.292022,47.562616],[-122.291834,47.562078],[-122.291753,47.562082],[-122.291678,47.562066],[-122.291564,47.561971],[-122.291497,47.561839],[-122.29101,47.561408],[-122.291016,47.560762],[-122.291496,47.560764],[-122.292582,47.560792],[-122.293365,47.560813],[-122.29334,47.560772],[-122.29258,47.559558],[-122.292464,47.559374],[-122.292444,47.559342],[-122.292048,47.558718],[-122.292017,47.558669],[-122.29149,47.557863],[-122.291594,47.557865],[-122.292515,47.557889],[-122.292551,47.557884],[-122.292562,47.557878],[-122.292583,47.557865],[-122.292589,47.557803],[-122.292566,47.5572],[-122.292549,47.557161],[-122.292536,47.557149],[-122.292514,47.557129],[-122.292477,47.557111],[-122.292438,47.5571],[-122.292021,47.557097],[-122.291741,47.557101],[-122.291595,47.557086],[-122.29157,47.557066],[-122.291553,47.557009],[-122.291559,47.555638],[-122.291556,47.555292],[-122.291557,47.554553],[-122.29156,47.553456],[-122.291559,47.55249],[-122.291558,47.550953],[-122.291557,47.549795],[-122.291555,47.547965],[-122.291553,47.546134],[-122.291522,47.544379],[-122.291712,47.544369],[-122.29176,47.544356],[-122.291912,47.544354],[-122.292119,47.544336],[-122.292275,47.544338],[-122.292381,47.544352],[-122.292472,47.544375],[-122.292618,47.544397],[-122.292651,47.544373],[-122.292796,47.544315],[-122.292775,47.544287],[-122.29277,47.544245],[-122.292777,47.543607],[-122.29279,47.54265],[-122.292158,47.54265],[-122.292066,47.542639],[-122.291963,47.542605],[-122.291912,47.542581],[-122.291868,47.542541],[-122.291685,47.542282],[-122.291439,47.541919],[-122.291011,47.541329],[-122.291159,47.541323],[-122.292692,47.54132],[-122.293314,47.541319],[-122.293316,47.540724],[-122.293315,47.540629],[-122.293313,47.540318],[-122.292409,47.540321],[-122.291464,47.540324],[-122.29147,47.540669],[-122.291471,47.540725],[-122.290596,47.540724],[-122.290572,47.54069],[-122.290319,47.540328],[-122.290194,47.540152],[-122.290151,47.540062],[-122.290136,47.54001],[-122.290149,47.539947],[-122.290201,47.539815],[-122.290275,47.539715],[-122.290366,47.539634],[-122.290572,47.539538],[-122.290897,47.539475],[-122.291211,47.539351],[-122.291337,47.539246],[-122.291513,47.538971],[-122.291519,47.538867],[-122.291573,47.538868],[-122.294069,47.538917],[-122.296084,47.538956],[-122.295794,47.538761],[-122.295856,47.538738],[-122.295893,47.538705],[-122.295892,47.538664],[-122.295849,47.538636],[-122.29578,47.538633],[-122.295719,47.538617],[-122.295686,47.538588],[-122.294528,47.537827],[-122.294493,47.537774],[-122.294525,47.537711],[-122.294586,47.537671],[-122.29444,47.537574],[-122.29443,47.537591],[-122.294349,47.537626],[-122.294202,47.537692],[-122.293845,47.53746],[-122.293096,47.536972],[-122.293051,47.53704],[-122.293001,47.537065],[-122.29263,47.537045],[-122.291498,47.537014],[-122.291364,47.537019],[-122.291357,47.536692],[-122.291359,47.535928],[-122.29141,47.535848],[-122.291518,47.535774],[-122.291625,47.535699],[-122.291206,47.535419],[-122.290922,47.53522],[-122.290708,47.53507],[-122.290412,47.534845],[-122.290006,47.534434],[-122.289692,47.534014],[-122.289673,47.533977],[-122.28955,47.533746],[-122.289183,47.533058],[-122.290793,47.533066],[-122.2908,47.532381],[-122.290801,47.532185],[-122.291006,47.53213],[-122.292261,47.527047],[-122.292734,47.528245],[-122.293174,47.529289],[-122.293423,47.529216],[-122.29348,47.52918],[-122.293504,47.529128],[-122.293483,47.529067],[-122.293367,47.528812],[-122.293359,47.528751],[-122.293389,47.528698],[-122.293459,47.528645],[-122.293605,47.528604],[-122.294458,47.530309],[-122.29485,47.530224],[-122.295397,47.530116],[-122.295864,47.530023],[-122.295931,47.530009],[-122.296106,47.529972],[-122.296187,47.52996],[-122.29454,47.526384],[-122.293694,47.524568],[-122.293634,47.524422],[-122.293347,47.524421],[-122.291777,47.524394],[-122.291344,47.524379],[-122.291268,47.524382],[-122.291265,47.524114],[-122.291273,47.522901],[-122.291278,47.521559],[-122.291239,47.52149],[-122.291269,47.521399],[-122.291265,47.519957],[-122.291264,47.519259],[-122.291258,47.518514],[-122.291262,47.517936],[-122.291287,47.51489],[-122.291303,47.513885],[-122.291305,47.513744],[-122.291305,47.513673],[-122.291306,47.513592],[-122.291312,47.513415],[-122.291325,47.511627],[-122.293406,47.511622],[-122.293135,47.5112],[-122.292871,47.510817],[-122.293146,47.510822],[-122.294229,47.510732],[-122.294243,47.510696],[-122.294414,47.510683],[-122.294756,47.510695],[-122.295303,47.510803],[-122.296265,47.511035],[-122.299053,47.512043],[-122.299291,47.512129],[-122.299481,47.512201],[-122.299798,47.512272],[-122.299921,47.512299],[-122.301079,47.512208],[-122.303951,47.512837],[-122.304041,47.512836],[-122.305886,47.51283],[-122.306696,47.51283],[-122.306888,47.512829],[-122.307264,47.512828],[-122.30848,47.513681],[-122.309568,47.514445],[-122.30971,47.514544],[-122.310073,47.514797],[-122.311297,47.515648],[-122.310948,47.514185],[-122.310603,47.513672],[-122.310588,47.51365],[-122.310826,47.513376],[-122.311029,47.513669],[-122.311099,47.513771],[-122.311336,47.513668],[-122.311429,47.513785],[-122.311533,47.513917],[-122.312091,47.513664],[-122.312215,47.513786],[-122.312313,47.513884],[-122.312513,47.514084],[-122.312514,47.513822],[-122.312516,47.513649],[-122.313147,47.513761],[-122.313595,47.513762],[-122.313642,47.513778],[-122.313704,47.513789],[-122.314722,47.513813],[-122.316569,47.513817],[-122.317794,47.513821],[-122.323306,47.513837],[-122.323851,47.513853],[-122.324204,47.51387],[-122.32553,47.513869],[-122.327291,47.51393],[-122.328151,47.513932],[-122.328529,47.513929],[-122.330235,47.513927],[-122.330289,47.514029],[-122.330586,47.514539],[-122.331188,47.514552],[-122.331223,47.514553],[-122.331878,47.51455],[-122.331943,47.51452],[-122.331968,47.514479],[-122.331967,47.514469],[-122.33196,47.514387],[-122.331887,47.514109],[-122.331867,47.513931],[-122.332098,47.513864],[-122.332352,47.513848],[-122.332815,47.51385],[-122.333496,47.513853],[-122.333716,47.513854],[-122.333923,47.513854],[-122.334005,47.513865],[-122.334252,47.513897],[-122.335707,47.513923],[-122.336507,47.513914],[-122.336645,47.513907],[-122.33704,47.513893],[-122.337124,47.515023],[-122.337444,47.517008],[-122.337485,47.517258],[-122.336742,47.517252],[-122.332538,47.517232],[-122.332713,47.517574],[-122.333866,47.519824],[-122.33436,47.520818],[-122.334591,47.521282],[-122.334648,47.521462],[-122.334762,47.521818],[-122.334844,47.52232],[-122.334836,47.522664],[-122.334824,47.52324],[-122.334836,47.524456],[-122.334818,47.525424],[-122.334777,47.525598],[-122.334727,47.525766],[-122.334649,47.52591],[-122.334553,47.52606],[-122.334407,47.526233],[-122.334186,47.526403],[-122.333963,47.526554],[-122.333742,47.526661],[-122.333845,47.527165],[-122.333865,47.527244],[-122.333984,47.527705],[-122.334122,47.528167],[-122.334434,47.529013],[-122.334542,47.529379],[-122.334624,47.529718],[-122.334698,47.530153],[-122.334726,47.530461],[-122.334762,47.530958],[-122.334752,47.531735],[-122.334717,47.532477],[-122.334689,47.534222],[-122.334699,47.534407],[-122.334707,47.534567],[-122.334748,47.534978],[-122.33477,47.535745],[-122.334795,47.536019],[-122.334836,47.536447],[-122.334955,47.537723],[-122.335047,47.538796],[-122.335052,47.538854],[-122.335081,47.539185],[-122.335229,47.539288],[-122.335422,47.539397],[-122.335541,47.539455],[-122.335746,47.539536],[-122.335962,47.539601],[-122.336255,47.539658],[-122.337091,47.539772],[-122.337104,47.540688],[-122.336214,47.541405],[-122.33626,47.542129],[-122.33554,47.542196],[-122.335074,47.542687],[-122.334942,47.542826],[-122.335207,47.543092],[-122.335329,47.543215],[-122.337517,47.54541],[-122.337801,47.545661],[-122.338436,47.546222],[-122.338562,47.546516],[-122.340587,47.551218],[-122.342737,47.55622],[-122.341709,47.556052],[-122.341704,47.555904],[-122.34166,47.555884],[-122.339611,47.555826],[-122.33839,47.555758],[-122.338277,47.555751],[-122.338131,47.555743],[-122.337334,47.554172],[-122.337446,47.554142],[-122.337749,47.554065],[-122.337919,47.553963],[-122.33814,47.55305],[-122.338454,47.550734],[-122.338455,47.550495],[-122.338248,47.549855],[-122.336418,47.54999],[-122.33534,47.550078],[-122.335166,47.550094],[-122.335779,47.551202],[-122.336154,47.551917],[-122.336579,47.55271],[-122.336952,47.553438],[-122.335307,47.553441],[-122.3353,47.554184],[-122.335292,47.554912],[-122.335291,47.554961]]]}},{"type":"Feature","properties":{"STATEFP10":"53","ZCTA5CE10":"98104","GEOID10":"5398104","CLASSFP10":"B5","MTFCC10":"G6350","FUNCSTAT10":"S","ALAND10":2007034,"AWATER10":252657,"INTPTLAT10":"+47.6018840","INTPTLON10":"-122.3294587","PARTFLG10":"N"},"geometry":{"type":"Polygon","coordinates":[[[-122.339299,47.604544],[-122.33925,47.604496],[-122.339215,47.604481],[-122.339093,47.604486],[-122.339022,47.604514],[-122.338929,47.604553],[-122.338813,47.604601],[-122.338695,47.60465],[-122.338003,47.604942],[-122.337482,47.60516],[-122.336893,47.605406],[-122.335784,47.605871],[-122.334766,47.606297],[-122.334674,47.606336],[-122.334021,47.605622],[-122.333928,47.605661],[-122.332911,47.606086],[-122.333564,47.606799],[-122.332453,47.607265],[-122.331344,47.607728],[-122.331135,47.607816],[-122.330802,47.607955],[-122.330678,47.608007],[-122.330623,47.60803],[-122.330472,47.608092],[-122.330412,47.608118],[-122.330339,47.608148],[-122.330226,47.608196],[-122.329125,47.608656],[-122.328015,47.609121],[-122.326904,47.609586],[-122.325793,47.61005],[-122.326056,47.610337],[-122.326446,47.610764],[-122.325458,47.611177],[-122.325336,47.611228],[-122.324683,47.610514],[-122.323572,47.610979],[-122.324225,47.611693],[-122.323115,47.612157],[-122.322463,47.611443],[-122.321849,47.610769],[-122.321812,47.610728],[-122.320762,47.611167],[-122.32076,47.61041],[-122.32076,47.610182],[-122.32116,47.610015],[-122.321856,47.609724],[-122.322296,47.609539],[-122.323378,47.609087],[-122.322726,47.608373],[-122.321337,47.60902],[-122.320951,47.608114],[-122.320989,47.608107],[-122.321152,47.608049],[-122.322074,47.607659],[-122.321454,47.60698],[-122.321423,47.606946],[-122.320754,47.607217],[-122.320752,47.606453],[-122.320751,47.606211],[-122.321879,47.605768],[-122.321227,47.605054],[-122.320751,47.605246],[-122.32075,47.6052],[-122.320747,47.604529],[-122.320746,47.604269],[-122.320744,47.603577],[-122.320744,47.60352],[-122.320743,47.603284],[-122.320742,47.602841],[-122.320741,47.602691],[-122.320739,47.601699],[-122.321577,47.6017],[-122.321548,47.601461],[-122.321478,47.601284],[-122.321421,47.60124],[-122.321061,47.601251],[-122.320845,47.601285],[-122.320711,47.601297],[-122.320408,47.601226],[-122.320266,47.600827],[-122.31942,47.600909],[-122.319481,47.601027],[-122.319577,47.601416],[-122.319577,47.601447],[-122.319583,47.601696],[-122.317825,47.601693],[-122.316783,47.601692],[-122.316967,47.600851],[-122.317194,47.600264],[-122.317194,47.600013],[-122.317225,47.599187],[-122.31723,47.598336],[-122.317228,47.597498],[-122.317243,47.596627],[-122.317257,47.595819],[-122.31877,47.595821],[-122.319253,47.595823],[-122.319533,47.595823],[-122.319731,47.595824],[-122.319942,47.595824],[-122.320251,47.595826],[-122.320482,47.595828],[-122.320737,47.595828],[-122.320935,47.595829],[-122.32105,47.595829],[-122.321193,47.595829],[-122.321474,47.59583],[-122.32246,47.595829],[-122.323766,47.595831],[-122.32507,47.595833],[-122.326376,47.595835],[-122.327362,47.595835],[-122.327718,47.59581],[-122.328189,47.596041],[-122.328192,47.596271],[-122.328167,47.596354],[-122.328106,47.596505],[-122.328105,47.596555],[-122.328105,47.597292],[-122.328076,47.597352],[-122.328013,47.597418],[-122.327951,47.597475],[-122.327919,47.597542],[-122.327996,47.597559],[-122.328071,47.597569],[-122.32817,47.597581],[-122.329022,47.597594],[-122.329048,47.596484],[-122.329049,47.594217],[-122.329247,47.594207],[-122.329372,47.594191],[-122.329456,47.594167],[-122.32952,47.594137],[-122.329582,47.59409],[-122.329625,47.593966],[-122.329703,47.593529],[-122.329718,47.593416],[-122.329721,47.593283],[-122.329699,47.593164],[-122.329663,47.593055],[-122.329608,47.592946],[-122.329518,47.592821],[-122.329432,47.592726],[-122.329314,47.592616],[-122.329181,47.592519],[-122.329051,47.592443],[-122.329051,47.592403],[-122.329993,47.592408],[-122.330459,47.592409],[-122.333259,47.592408],[-122.333265,47.592497],[-122.333265,47.592544],[-122.333277,47.595275],[-122.33383,47.5959],[-122.333971,47.596061],[-122.334195,47.596314],[-122.334194,47.596467],[-122.334253,47.596467],[-122.33433,47.596467],[-122.334383,47.596467],[-122.334446,47.596467],[-122.334719,47.596779],[-122.335066,47.597176],[-122.335316,47.597477],[-122.33551,47.5978],[-122.335561,47.598291],[-122.335557,47.599205],[-122.335669,47.599205],[-122.335911,47.599206],[-122.337237,47.59922],[-122.339516,47.59922],[-122.344837,47.59922],[-122.344737,47.60232],[-122.345442,47.603174],[-122.34292,47.604131],[-122.342041,47.604383],[-122.341346,47.604525],[-122.341396,47.604612],[-122.341445,47.6047],[-122.341737,47.60522],[-122.340037,47.60532],[-122.339837,47.60512],[-122.340937,47.60502],[-122.340587,47.60467],[-122.34027,47.60462],[-122.339377,47.60462],[-122.339337,47.60462],[-122.339299,47.604544]],[[-122.335131,47.605158],[-122.33624,47.604693],[-122.335588,47.60398],[-122.334479,47.604445],[-122.335131,47.605158]],[[-122.332911,47.606086],[-122.332258,47.605372],[-122.331148,47.605837],[-122.3318,47.606551],[-122.332911,47.606086]]]}},{"type":"Feature","properties":{"STATEFP10":"53","ZCTA5CE10":"98136","GEOID10":"5398136","CLASSFP10":"B5","MTFCC10":"G6350","FUNCSTAT10":"S","ALAND10":5954028,"AWATER10":2163641,"INTPTLAT10":"+47.5364636","INTPTLON10":"-122.3944092","PARTFLG10":"N"},"geometry":{"type":"Polygon","coordinates":[[[-122.391813,47.513804],[-122.392822,47.513838],[-122.392845,47.513838],[-122.394841,47.513837],[-122.394877,47.513838],[-122.3953,47.51385],[-122.395566,47.513858],[-122.395638,47.51385],[-122.39602,47.513711],[-122.399833,47.512442],[-122.401331,47.513941],[-122.403607,47.516222],[-122.402735,47.519339],[-122.402417,47.522008],[-122.400365,47.524561],[-122.404729,47.528266],[-122.405479,47.531382],[-122.404919,47.532249],[-122.403359,47.534667],[-122.402149,47.535963],[-122.401238,47.536941],[-122.401731,47.540087],[-122.403719,47.544856],[-122.40372,47.544857],[-122.403401,47.546488],[-122.402846,47.549321],[-122.404614,47.552804],[-122.405262,47.554081],[-122.405966,47.555469],[-122.409757,47.560272],[-122.406516,47.560625],[-122.405727,47.559595],[-122.403908,47.559597],[-122.402766,47.559614],[-122.401871,47.55845],[-122.400995,47.557314],[-122.400735,47.557703],[-122.399839,47.557973],[-122.399404,47.556932],[-122.399093,47.557207],[-122.399095,47.558206],[-122.399041,47.558111],[-122.399008,47.558034],[-122.398986,47.557976],[-122.398958,47.557669],[-122.398938,47.557604],[-122.398877,47.557552],[-122.398805,47.557526],[-122.398693,47.557501],[-122.398559,47.557504],[-122.39776,47.557496],[-122.397647,47.557495],[-122.396345,47.557482],[-122.395549,47.557471],[-122.394948,47.557564],[-122.393605,47.557558],[-122.392262,47.557546],[-122.39114,47.557537],[-122.390968,47.557535],[-122.390555,47.55753],[-122.39041,47.557498],[-122.390231,47.557438],[-122.390184,47.5574],[-122.390164,47.55736],[-122.390155,47.557146],[-122.390111,47.557128],[-122.390028,47.557121],[-122.390001,47.557233],[-122.389961,47.557318],[-122.389893,47.557416],[-122.389793,47.557512],[-122.388715,47.557483],[-122.386886,47.557461],[-122.386884,47.557513],[-122.386442,47.557493],[-122.385852,47.557489],[-122.385566,47.557487],[-122.385421,47.557486],[-122.384686,47.557481],[-122.384536,47.557479],[-122.384365,47.557478],[-122.384129,47.557475],[-122.384027,47.557474],[-122.383781,47.557474],[-122.382857,47.557468],[-122.381464,47.557458],[-122.381528,47.555628],[-122.381423,47.555638],[-122.381129,47.555637],[-122.380783,47.555636],[-122.380783,47.554989],[-122.380889,47.554989],[-122.380889,47.554459],[-122.380727,47.554459],[-122.380721,47.552021],[-122.380334,47.552016],[-122.380372,47.550202],[-122.380934,47.55021],[-122.38115,47.550214],[-122.381717,47.550223],[-122.381787,47.54842],[-122.381857,47.546605],[-122.381446,47.546597],[-122.381402,47.546369],[-122.381176,47.546276],[-122.381261,47.544784],[-122.381877,47.544801],[-122.381882,47.543897],[-122.381134,47.543673],[-122.381172,47.541204],[-122.381661,47.541209],[-122.381904,47.541109],[-122.381912,47.540173],[-122.38192,47.539708],[-122.381936,47.53829],[-122.381932,47.538238],[-122.381894,47.537655],[-122.381994,47.537496],[-122.381968,47.537478],[-122.381958,47.537437],[-122.38195,47.536901],[-122.381961,47.535696],[-122.381966,47.53499],[-122.381974,47.534266],[-122.38198,47.533543],[-122.381988,47.532819],[-122.381995,47.532096],[-122.382001,47.531358],[-122.382006,47.530621],[-122.38201,47.529884],[-122.382014,47.529147],[-122.382022,47.52841],[-122.382025,47.527686],[-122.382029,47.526962],[-122.382016,47.52643],[-122.381977,47.526302],[-122.381901,47.526168],[-122.38196,47.526067],[-122.382032,47.525888],[-122.382041,47.524724],[-122.382081,47.522915],[-122.380735,47.5229],[-122.380781,47.521096],[-122.382123,47.521107],[-122.382125,47.52073],[-122.381575,47.52073],[-122.381566,47.516857],[-122.381906,47.516857],[-122.382115,47.516555],[-122.382029,47.51562],[-122.381944,47.514689],[-122.381887,47.514069],[-122.381858,47.513751],[-122.383226,47.513758],[-122.384597,47.513765],[-122.385965,47.513772],[-122.387335,47.513779],[-122.388615,47.513792],[-122.389893,47.513805],[-122.390738,47.513814],[-122.390744,47.513825],[-122.391263,47.514724],[-122.391452,47.514983],[-122.391379,47.514635],[-122.391067,47.513305],[-122.390966,47.512971],[-122.390765,47.512535],[-122.390491,47.512118],[-122.391407,47.512125],[-122.391875,47.512129],[-122.391955,47.513595],[-122.391744,47.513588],[-122.391813,47.513804]]]}},{"type":"Feature","properties":{"STATEFP10":"53","ZCTA5CE10":"98188","GEOID10":"5398188","CLASSFP10":"B5","MTFCC10":"G6350","FUNCSTAT10":"S","ALAND10":19551348,"AWATER10":755259,"INTPTLAT10":"+47.4473353","INTPTLON10":"-122.2730922","PARTFLG10":"N"},"geometry":{"type":"Polygon","coordinates":[[[-122.293326,47.42368],[-122.29339,47.423578],[-122.293555,47.423317],[-122.293681,47.423111],[-122.293825,47.422932],[-122.293885,47.422826],[-122.293906,47.422774],[-122.293908,47.422683],[-122.294767,47.422685],[-122.295402,47.422693],[-122.295915,47.422694],[-122.296355,47.422696],[-122.297619,47.422702],[-122.298897,47.422715],[-122.299015,47.422717],[-122.300103,47.422726],[-122.300814,47.422724],[-122.301503,47.42272],[-122.301836,47.422723],[-122.30281,47.422726],[-122.304169,47.422739],[-122.305332,47.422743],[-122.305565,47.422743],[-122.307863,47.422758],[-122.307993,47.422758],[-122.30799,47.423014],[-122.308006,47.423574],[-122.308011,47.424215],[-122.307998,47.425917],[-122.308002,47.425974],[-122.308012,47.426062],[-122.308012,47.426069],[-122.308011,47.426405],[-122.307987,47.427464],[-122.307867,47.427446],[-122.307711,47.427431],[-122.30755,47.427429],[-122.307501,47.427488],[-122.307483,47.427543],[-122.307474,47.427719],[-122.307499,47.428149],[-122.307047,47.428246],[-122.30688,47.428289],[-122.306826,47.428325],[-122.306797,47.428373],[-122.306792,47.428886],[-122.306778,47.429013],[-122.306759,47.429099],[-122.30672,47.429165],[-122.306799,47.42927],[-122.306805,47.42941],[-122.306769,47.430248],[-122.306751,47.430478],[-122.306744,47.430567],[-122.306733,47.430626],[-122.306718,47.43065],[-122.306667,47.430693],[-122.306601,47.430719],[-122.306041,47.430734],[-122.30587,47.430757],[-122.305792,47.430777],[-122.305445,47.430988],[-122.304711,47.43149],[-122.304648,47.431559],[-122.304619,47.431614],[-122.304603,47.431669],[-122.3046,47.431704],[-122.30462,47.432278],[-122.304624,47.432583],[-122.30464,47.432682],[-122.304673,47.432776],[-122.304729,47.432875],[-122.304853,47.433049],[-122.304863,47.433085],[-122.304867,47.433456],[-122.304902,47.433671],[-122.304962,47.433972],[-122.305032,47.434408],[-122.305043,47.434605],[-122.305011,47.434601],[-122.304873,47.4346],[-122.301947,47.434583],[-122.301924,47.434587],[-122.30085,47.434577],[-122.29793,47.434567],[-122.295508,47.434533],[-122.295595,47.435679],[-122.295754,47.437801],[-122.295765,47.437943],[-122.295886,47.439939],[-122.295926,47.44048],[-122.296234,47.440477],[-122.296477,47.440572],[-122.296556,47.440616],[-122.296614,47.440665],[-122.296661,47.440722],[-122.296687,47.44079],[-122.296689,47.440868],[-122.296674,47.440978],[-122.296649,47.441094],[-122.296573,47.44144],[-122.296567,47.441642],[-122.296578,47.441748],[-122.296512,47.441863],[-122.29649,47.441917],[-122.296462,47.442017],[-122.296436,47.442246],[-122.296442,47.442437],[-122.296562,47.44394],[-122.29668,47.44538],[-122.296697,47.445436],[-122.296722,47.445491],[-122.296762,47.445552],[-122.296851,47.445645],[-122.296911,47.44569],[-122.297032,47.445759],[-122.297068,47.445773],[-122.297153,47.445796],[-122.297238,47.445724],[-122.297395,47.445786],[-122.29744,47.4458],[-122.297518,47.44582],[-122.297608,47.445839],[-122.297755,47.445858],[-122.297634,47.445928],[-122.297523,47.446012],[-122.29737,47.446152],[-122.297305,47.446224],[-122.297247,47.446298],[-122.297189,47.44639],[-122.297119,47.446535],[-122.297088,47.446638],[-122.297051,47.446821],[-122.297047,47.446893],[-122.297066,47.447053],[-122.297084,47.447118],[-122.29712,47.44721],[-122.297168,47.447299],[-122.297275,47.44745],[-122.297425,47.447609],[-122.297577,47.447734],[-122.297669,47.447798],[-122.298567,47.448379],[-122.299757,47.4492],[-122.299877,47.449289],[-122.300007,47.449402],[-122.300143,47.449547],[-122.300245,47.449701],[-122.300337,47.449829],[-122.300411,47.449967],[-122.300483,47.450164],[-122.300513,47.45035],[-122.300525,47.450632],[-122.300235,47.450633],[-122.300089,47.450634],[-122.299791,47.450639],[-122.299433,47.45065],[-122.299198,47.450648],[-122.298997,47.450652],[-122.298643,47.450654],[-122.297201,47.450651],[-122.29604,47.450664],[-122.295867,47.451291],[-122.295754,47.451603],[-122.295616,47.451943],[-122.295427,47.452395],[-122.295057,47.453151],[-122.294672,47.45389],[-122.294054,47.455101],[-122.294264,47.455148],[-122.294364,47.455144],[-122.29485,47.455015],[-122.294849,47.454992],[-122.294857,47.45497],[-122.294886,47.454936],[-122.294912,47.454919],[-122.294946,47.454905],[-122.294989,47.454895],[-122.295039,47.45489],[-122.295109,47.454928],[-122.295137,47.454972],[-122.295141,47.455016],[-122.295107,47.455068],[-122.29507,47.455087],[-122.295426,47.455782],[-122.295529,47.455806],[-122.295624,47.455808],[-122.295678,47.4558],[-122.295935,47.45573],[-122.295967,47.455794],[-122.295984,47.45586],[-122.295997,47.457618],[-122.295968,47.457645],[-122.297099,47.457639],[-122.297066,47.459066],[-122.297047,47.459652],[-122.297257,47.459672],[-122.297385,47.459708],[-122.297434,47.45973],[-122.295918,47.460845],[-122.295135,47.461426],[-122.294913,47.46164],[-122.294764,47.461801],[-122.294669,47.461931],[-122.294537,47.462157],[-122.294487,47.462298],[-122.294463,47.462447],[-122.294441,47.462733],[-122.294488,47.463055],[-122.295483,47.462173],[-122.297881,47.459945],[-122.297958,47.45998],[-122.297101,47.460806],[-122.296798,47.461131],[-122.296481,47.461488],[-122.296385,47.461637],[-122.2963,47.461794],[-122.296214,47.462043],[-122.296182,47.462262],[-122.296184,47.462533],[-122.296223,47.462739],[-122.296287,47.462911],[-122.29642,47.463151],[-122.296553,47.463326],[-122.296803,47.463583],[-122.297063,47.463774],[-122.297074,47.463782],[-122.297443,47.463976],[-122.297789,47.464147],[-122.29889,47.464706],[-122.299332,47.464375],[-122.29946,47.464429],[-122.299679,47.464511],[-122.299851,47.464566],[-122.300138,47.464632],[-122.300515,47.464693],[-122.300907,47.464725],[-122.301288,47.464728],[-122.301943,47.464714],[-122.302079,47.464724],[-122.302175,47.464748],[-122.30228,47.464807],[-122.302325,47.464863],[-122.30235,47.464905],[-122.302426,47.465122],[-122.303783,47.465118],[-122.30416,47.465142],[-122.304345,47.465169],[-122.304704,47.465251],[-122.304875,47.465307],[-122.305039,47.465371],[-122.305923,47.465784],[-122.306092,47.465849],[-122.306449,47.465952],[-122.306826,47.466017],[-122.308326,47.46618],[-122.310551,47.466423],[-122.310752,47.466432],[-122.310972,47.466418],[-122.311181,47.466398],[-122.311385,47.466371],[-122.311783,47.466267],[-122.311967,47.466197],[-122.312144,47.466119],[-122.312307,47.466033],[-122.312465,47.465933],[-122.312787,47.465676],[-122.312988,47.465856],[-122.312961,47.466133],[-122.312968,47.466421],[-122.312962,47.466912],[-122.312943,47.46738],[-122.312954,47.468005],[-122.312945,47.468401],[-122.312929,47.468502],[-122.31284,47.468587],[-122.313135,47.469718],[-122.312384,47.470094],[-122.312572,47.470308],[-122.311912,47.470203],[-122.311592,47.470137],[-122.31124,47.470054],[-122.310823,47.469934],[-122.310673,47.469883],[-122.30921,47.469383],[-122.306998,47.468647],[-122.30664,47.468522],[-122.306248,47.468364],[-122.30589,47.468197],[-122.305524,47.468018],[-122.304687,47.467598],[-122.304507,47.467481],[-122.303933,47.46715],[-122.303159,47.466793],[-122.302422,47.466475],[-122.302421,47.466604],[-122.30242,47.466964],[-122.302416,47.468769],[-122.302364,47.468769],[-122.301348,47.468768],[-122.301333,47.468772],[-122.300731,47.468778],[-122.300202,47.468787],[-122.299853,47.468793],[-122.298499,47.468801],[-122.298033,47.468804],[-122.297228,47.468808],[-122.296717,47.46881],[-122.296552,47.468808],[-122.295602,47.468813],[-122.295211,47.468815],[-122.294611,47.468816],[-122.29271,47.468821],[-122.291666,47.468823],[-122.291348,47.468824],[-122.290568,47.468817],[-122.289187,47.468805],[-122.287074,47.468785],[-122.284933,47.468759],[-122.28215,47.468735],[-122.281172,47.468726],[-122.280691,47.468721],[-122.280672,47.469601],[-122.276966,47.469552],[-122.276959,47.469087],[-122.275861,47.469092],[-122.275862,47.46917],[-122.275858,47.470475],[-122.274264,47.470459],[-122.273675,47.470457],[-122.273694,47.471736],[-122.273721,47.471825],[-122.273733,47.472264],[-122.272636,47.472261],[-122.271172,47.472247],[-122.27056,47.472233],[-122.270596,47.470138],[-122.270595,47.469836],[-122.270592,47.468273],[-122.27059,47.467688],[-122.269639,47.467688],[-122.269206,47.467694],[-122.269132,47.467681],[-122.269089,47.467656],[-122.26833,47.467702],[-122.268246,47.467707],[-122.268147,47.467713],[-122.267956,47.467108],[-122.267694,47.466351],[-122.267523,47.4659],[-122.267304,47.465373],[-122.267221,47.465138],[-122.267201,47.465061],[-122.266924,47.465045],[-122.266771,47.465036],[-122.26672,47.464931],[-122.266582,47.464764],[-122.266461,47.464564],[-122.266265,47.464268],[-122.265409,47.463202],[-122.265236,47.462962],[-122.265205,47.463075],[-122.265175,47.463303],[-122.265181,47.463408],[-122.265197,47.463494],[-122.265216,47.463558],[-122.26526,47.463655],[-122.265604,47.46422],[-122.265973,47.464795],[-122.266095,47.464997],[-122.26579,47.464979],[-122.265671,47.464972],[-122.264232,47.464889],[-122.263845,47.464859],[-122.263469,47.464809],[-122.263062,47.464739],[-122.262783,47.464666],[-122.262461,47.464568],[-122.262286,47.464508],[-122.262108,47.464454],[-122.261008,47.464101],[-122.261458,47.464293],[-122.262057,47.464512],[-122.261926,47.464715],[-122.261919,47.46476],[-122.261924,47.464802],[-122.261938,47.464838],[-122.261982,47.464898],[-122.262012,47.464923],[-122.262093,47.464969],[-122.262558,47.465093],[-122.263302,47.465293],[-122.264635,47.465608],[-122.264768,47.46564],[-122.264928,47.465693],[-122.265158,47.465788],[-122.265373,47.465898],[-122.265569,47.466022],[-122.265773,47.466183],[-122.265837,47.466243],[-122.265947,47.46636],[-122.266218,47.466752],[-122.266452,47.467097],[-122.266591,47.467326],[-122.266696,47.467586],[-122.266772,47.467894],[-122.266791,47.468367],[-122.266808,47.468524],[-122.266846,47.46866],[-122.267007,47.469043],[-122.266882,47.469065],[-122.266779,47.469073],[-122.265925,47.469086],[-122.263911,47.469056],[-122.263613,47.469256],[-122.262542,47.469267],[-122.262533,47.469955],[-122.262513,47.471374],[-122.261691,47.471375],[-122.260786,47.471376],[-122.259956,47.471379],[-122.259556,47.471379],[-122.25955,47.470029],[-122.25956,47.469705],[-122.259564,47.469671],[-122.259553,47.469637],[-122.259525,47.469611],[-122.259473,47.469591],[-122.259332,47.469596],[-122.257621,47.469648],[-122.257298,47.469662],[-122.257136,47.469677],[-122.256962,47.4697],[-122.256937,47.469604],[-122.256945,47.468724],[-122.256964,47.467797],[-122.25571,47.467793],[-122.255566,47.467792],[-122.254886,47.468904],[-122.252916,47.468877],[-122.253468,47.469784],[-122.253405,47.469799],[-122.25314,47.469874],[-122.253105,47.469906],[-122.253092,47.469947],[-122.253108,47.469988],[-122.253826,47.471169],[-122.253946,47.471425],[-122.254324,47.471333],[-122.254403,47.471313],[-122.255816,47.473633],[-122.255598,47.473689],[-122.255461,47.473712],[-122.255342,47.473721],[-122.255299,47.473723],[-122.254963,47.473711],[-122.253225,47.473534],[-122.253117,47.474288],[-122.254288,47.474382],[-122.254149,47.475122],[-122.253949,47.475106],[-122.252986,47.475007],[-122.251779,47.474785],[-122.251569,47.474808],[-122.251325,47.474834],[-122.250906,47.474913],[-122.250256,47.47425],[-122.249599,47.473626],[-122.249162,47.473171],[-122.248426,47.472417],[-122.247453,47.471482],[-122.246747,47.470767],[-122.245841,47.469909],[-122.244152,47.468232],[-122.24379,47.467888],[-122.243077,47.467182],[-122.242181,47.466329],[-122.241706,47.465856],[-122.241333,47.465445],[-122.241209,47.465276],[-122.240868,47.465381],[-122.2408,47.465357],[-122.240615,47.465314],[-122.240595,47.465312],[-122.239864,47.465541],[-122.239816,47.465459],[-122.239749,47.465371],[-122.239745,47.465359],[-122.239716,47.465326],[-122.239574,47.465178],[-122.239448,47.465055],[-122.239266,47.464872],[-122.239208,47.464831],[-122.239582,47.464485],[-122.239651,47.464349],[-122.239693,47.464169],[-122.239662,47.463822],[-122.239697,47.46136],[-122.23972,47.461281],[-122.239764,47.461204],[-122.240409,47.461189],[-122.240544,47.461186],[-122.241635,47.461143],[-122.242017,47.46112],[-122.242136,47.459327],[-122.242209,47.458144],[-122.242264,47.457093],[-122.242218,47.456184],[-122.242154,47.455319],[-122.242108,47.454572],[-122.242044,47.453128],[-122.241907,47.451261],[-122.241743,47.448273],[-122.241642,47.446854],[-122.241451,47.443792],[-122.241414,47.442553],[-122.241414,47.441607],[-122.24143,47.441201],[-122.241764,47.441204],[-122.242294,47.441207],[-122.243332,47.441214],[-122.243695,47.441216],[-122.244416,47.441222],[-122.245629,47.441233],[-122.245457,47.440433],[-122.245346,47.43992],[-122.245336,47.439793],[-122.245346,47.439601],[-122.245384,47.439411],[-122.245451,47.439226],[-122.245512,47.439105],[-122.245627,47.438936],[-122.245656,47.438894],[-122.245871,47.438657],[-122.24616,47.438436],[-122.246566,47.438197],[-122.246775,47.438062],[-122.246973,47.437903],[-122.247144,47.437731],[-122.247288,47.437547],[-122.247403,47.437355],[-122.247519,47.437053],[-122.247791,47.436028],[-122.248199,47.434525],[-122.248399,47.43379],[-122.248496,47.433429],[-122.254799,47.433506],[-122.255937,47.433518],[-122.256279,47.433522],[-122.256448,47.433524],[-122.256849,47.433319],[-122.25701,47.433288],[-122.257305,47.43323],[-122.257869,47.433271],[-122.258469,47.43353],[-122.259274,47.434136],[-122.259543,47.434139],[-122.259954,47.434143],[-122.260053,47.434173],[-122.260122,47.434187],[-122.260347,47.434235],[-122.260657,47.434284],[-122.260934,47.43431],[-122.261034,47.434312],[-122.261133,47.434308],[-122.261231,47.434299],[-122.261328,47.434284],[-122.261423,47.434263],[-122.261615,47.434206],[-122.261722,47.434162],[-122.262083,47.434165],[-122.262293,47.434168],[-122.262499,47.434169],[-122.262646,47.434069],[-122.262801,47.433917],[-122.26292,47.433756],[-122.262955,47.433693],[-122.262968,47.433603],[-122.263004,47.433522],[-122.263004,47.433172],[-122.26296,47.433062],[-122.262946,47.433027],[-122.262875,47.4329],[-122.262452,47.43269],[-122.261838,47.432535],[-122.260751,47.432268],[-122.259704,47.43201],[-122.258989,47.431736],[-122.258447,47.431352],[-122.258232,47.430566],[-122.258251,47.430494],[-122.258423,47.430497],[-122.258583,47.430497],[-122.266071,47.430587],[-122.266069,47.430539],[-122.266063,47.430406],[-122.266064,47.430372],[-122.266069,47.430213],[-122.26608,47.430136],[-122.26621,47.429236],[-122.266322,47.428538],[-122.266404,47.428118],[-122.266533,47.427658],[-122.26673,47.427088],[-122.266789,47.426886],[-122.266847,47.426765],[-122.267188,47.426179],[-122.267485,47.425789],[-122.267629,47.425433],[-122.26762,47.424914],[-122.267475,47.42432],[-122.267263,47.424018],[-122.266855,47.423684],[-122.266442,47.423359],[-122.266417,47.423169],[-122.26659,47.42309],[-122.267739,47.423068],[-122.26903,47.423319],[-122.269194,47.42324],[-122.269313,47.423055],[-122.269351,47.422897],[-122.270943,47.422994],[-122.272425,47.423024],[-122.273348,47.423022],[-122.275051,47.422998],[-122.27627,47.422978],[-122.277105,47.422968],[-122.277269,47.422965],[-122.277288,47.423373],[-122.27728,47.423669],[-122.277261,47.423817],[-122.277218,47.42402],[-122.277143,47.424242],[-122.277052,47.424416],[-122.276946,47.424584],[-122.276775,47.424814],[-122.27549,47.426481],[-122.275405,47.426583],[-122.275334,47.426671],[-122.275123,47.426909],[-122.274856,47.427164],[-122.274362,47.427583],[-122.27362,47.428188],[-122.272507,47.429096],[-122.27133,47.429936],[-122.270715,47.430383],[-122.270493,47.430544],[-122.270359,47.430641],[-122.270296,47.430687],[-122.270189,47.430788],[-122.270147,47.430932],[-122.270174,47.431032],[-122.269931,47.431091],[-122.269813,47.431154],[-122.269706,47.431268],[-122.269637,47.431425],[-122.269632,47.431475],[-122.269608,47.431705],[-122.269627,47.432073],[-122.26969,47.432327],[-122.269714,47.432533],[-122.26968,47.432726],[-122.269689,47.432834],[-122.269679,47.432903],[-122.269934,47.432897],[-122.270248,47.43289],[-122.270847,47.432894],[-122.270989,47.432645],[-122.271172,47.432363],[-122.271198,47.432324],[-122.271359,47.432095],[-122.271528,47.431874],[-122.271762,47.431599],[-122.272057,47.431291],[-122.272712,47.43069],[-122.272713,47.43069],[-122.27293,47.430512],[-122.273085,47.430398],[-122.27316,47.430344],[-122.273419,47.430166],[-122.273936,47.429831],[-122.276277,47.428427],[-122.277053,47.427915],[-122.2789,47.42661],[-122.281375,47.42489],[-122.281633,47.424707],[-122.28224,47.424277],[-122.282521,47.424078],[-122.284121,47.422947],[-122.284362,47.422778],[-122.285188,47.422203],[-122.285885,47.421689],[-122.286091,47.421525],[-122.286234,47.421411],[-122.286856,47.420885],[-122.287211,47.420552],[-122.287396,47.420369],[-122.287429,47.420486],[-122.286844,47.421139],[-122.28675,47.42126],[-122.286674,47.421369],[-122.286658,47.421397],[-122.286544,47.421596],[-122.286501,47.421691],[-122.28647,47.421808],[-122.286458,47.421934],[-122.28647,47.422044],[-122.286513,47.422136],[-122.286567,47.42221],[-122.286641,47.422282],[-122.286717,47.42234],[-122.286796,47.422383],[-122.286975,47.422468],[-122.287218,47.422605],[-122.287369,47.42267],[-122.287456,47.422702],[-122.287522,47.422721],[-122.287599,47.422736],[-122.287717,47.422745],[-122.287854,47.422744],[-122.288313,47.422735],[-122.288864,47.422726],[-122.2901,47.422706],[-122.290918,47.422691],[-122.292047,47.422674],[-122.292025,47.423771],[-122.292307,47.423776],[-122.292719,47.423772],[-122.292931,47.423758],[-122.293024,47.423745],[-122.29315,47.423718],[-122.293326,47.42368]]]}},{"type":"Feature","properties":{"STATEFP10":"53","ZCTA5CE10":"98117","GEOID10":"5398117","CLASSFP10":"B5","MTFCC10":"G6350","FUNCSTAT10":"S","ALAND10":10214490,"AWATER10":1569166,"INTPTLAT10":"+47.6877607","INTPTLON10":"-122.3848701","PARTFLG10":"N"},"geometry":{"type":"Polygon","coordinates":[[[-122.365538,47.675987],[-122.366025,47.675984],[-122.366197,47.675983],[-122.36656,47.675982],[-122.367624,47.67598],[-122.368688,47.675986],[-122.36874,47.675986],[-122.369067,47.675987],[-122.369779,47.675991],[-122.370845,47.675993],[-122.371399,47.675997],[-122.371946,47.675999],[-122.373158,47.675993],[-122.373574,47.675991],[-122.37401,47.67599],[-122.37558,47.675988],[-122.375645,47.675989],[-122.375908,47.675992],[-122.376117,47.675992],[-122.37612,47.675683],[-122.376168,47.675563],[-122.376221,47.675489],[-122.376212,47.675278],[-122.378882,47.675279],[-122.378882,47.675707],[-122.378882,47.675993],[-122.379973,47.67599],[-122.381045,47.675987],[-122.382129,47.675984],[-122.382127,47.675726],[-122.382126,47.675687],[-122.382125,47.675283],[-122.382216,47.675282],[-122.384741,47.675285],[-122.384741,47.675966],[-122.384937,47.675964],[-122.38504,47.675963],[-122.385355,47.675962],[-122.386427,47.675955],[-122.387248,47.67594],[-122.387547,47.675935],[-122.387685,47.675935],[-122.388624,47.675939],[-122.389695,47.67593],[-122.390003,47.675927],[-122.390105,47.675927],[-122.390107,47.675594],[-122.39011,47.675292],[-122.39011,47.675243],[-122.392991,47.675204],[-122.392974,47.675552],[-122.392958,47.675904],[-122.395685,47.675883],[-122.396933,47.675872],[-122.39814,47.675862],[-122.398264,47.675862],[-122.398367,47.675862],[-122.398369,47.67578],[-122.39838,47.67527],[-122.401067,47.675263],[-122.401061,47.675795],[-122.403413,47.675812],[-122.403497,47.675817],[-122.403508,47.674861],[-122.404668,47.674868],[-122.404708,47.674973],[-122.404738,47.675164],[-122.40476,47.675204],[-122.404879,47.675233],[-122.405052,47.675163],[-122.405246,47.675102],[-122.40535,47.675096],[-122.405372,47.675094],[-122.405407,47.675825],[-122.405401,47.676347],[-122.405395,47.6769],[-122.40584,47.676919],[-122.406308,47.67691],[-122.406323,47.676786],[-122.406325,47.675966],[-122.406325,47.675823],[-122.412,47.67585],[-122.412897,47.675852],[-122.414045,47.675855],[-122.414259,47.675691],[-122.419548,47.678899],[-122.411631,47.686719],[-122.4111,47.686719],[-122.41069,47.688443],[-122.409955,47.689849],[-122.410088,47.694688],[-122.409222,47.69768],[-122.407053,47.699831],[-122.405446,47.701427],[-122.398596,47.703899],[-122.396882,47.702973],[-122.393395,47.701613],[-122.393248,47.701602],[-122.391995,47.701608],[-122.390049,47.701545],[-122.389434,47.701545],[-122.387557,47.701545],[-122.387558,47.701169],[-122.385292,47.701172],[-122.385291,47.701324],[-122.384726,47.701507],[-122.384203,47.701446],[-122.383167,47.701712],[-122.381349,47.701041],[-122.380763,47.701334],[-122.380756,47.701167],[-122.378494,47.701196],[-122.378491,47.701542],[-122.378489,47.701579],[-122.376865,47.701599],[-122.37677,47.701577],[-122.376683,47.70155],[-122.375431,47.701549],[-122.374093,47.701534],[-122.372753,47.70153],[-122.371415,47.701527],[-122.370077,47.701523],[-122.368739,47.70152],[-122.367398,47.701516],[-122.366057,47.701511],[-122.365651,47.701509],[-122.364727,47.701505],[-122.364727,47.70149],[-122.364721,47.700621],[-122.36472,47.70038],[-122.363394,47.701046],[-122.362603,47.701449],[-122.362424,47.701537],[-122.362067,47.701539],[-122.360799,47.701525],[-122.360735,47.701512],[-122.360675,47.701498],[-122.359436,47.701479],[-122.358076,47.701472],[-122.358077,47.699658],[-122.358059,47.697844],[-122.357398,47.697842],[-122.357393,47.696032],[-122.357389,47.694223],[-122.357386,47.692428],[-122.358002,47.692432],[-122.357983,47.690609],[-122.357979,47.689834],[-122.357978,47.68911],[-122.357977,47.688386],[-122.357975,47.687663],[-122.357975,47.686939],[-122.357977,47.686203],[-122.357976,47.685472],[-122.357976,47.684741],[-122.357977,47.684011],[-122.357977,47.683281],[-122.357979,47.682547],[-122.357982,47.681798],[-122.357416,47.681799],[-122.35742,47.680734],[-122.357426,47.679561],[-122.357426,47.679366],[-122.357427,47.679275],[-122.357432,47.67793],[-122.357433,47.677779],[-122.357433,47.677637],[-122.357441,47.675997],[-122.358455,47.675996],[-122.35947,47.675995],[-122.360696,47.675995],[-122.3615,47.675992],[-122.361863,47.675992],[-122.362504,47.675991],[-122.362942,47.675991],[-122.363517,47.67599],[-122.36401,47.675989],[-122.364523,47.675989],[-122.365065,47.675988],[-122.365538,47.675987]]]}},{"type":"Feature","properties":{"STATEFP10":"53","ZCTA5CE10":"98144","GEOID10":"5398144","CLASSFP10":"B5","MTFCC10":"G6350","FUNCSTAT10":"S","ALAND10":8818482,"AWATER10":4545367,"INTPTLAT10":"+47.5856211","INTPTLON10":"-122.2924922","PARTFLG10":"N"},"geometry":{"type":"Polygon","coordinates":[[[-122.283946,47.569766],[-122.285024,47.569771],[-122.285548,47.569774],[-122.28611,47.569783],[-122.287209,47.569773],[-122.288286,47.569762],[-122.288909,47.569764],[-122.289955,47.569766],[-122.290701,47.569769],[-122.291025,47.569936],[-122.291666,47.570207],[-122.291995,47.570405],[-122.292075,47.570186],[-122.293019,47.569628],[-122.29419,47.569623],[-122.294448,47.569617],[-122.295359,47.569623],[-122.295436,47.569734],[-122.295734,47.570095],[-122.295884,47.57033],[-122.295901,47.570422],[-122.296599,47.57142],[-122.29682,47.571624],[-122.296812,47.571975],[-122.297461,47.571756],[-122.297771,47.571707],[-122.298156,47.572347],[-122.298248,47.572441],[-122.298307,47.572481],[-122.298382,47.572512],[-122.29846,47.57253],[-122.298555,47.57254],[-122.298924,47.572552],[-122.299139,47.572547],[-122.299203,47.570581],[-122.299162,47.570126],[-122.299118,47.569994],[-122.299101,47.569906],[-122.299136,47.569578],[-122.300812,47.570264],[-122.300564,47.570592],[-122.300564,47.570937],[-122.301778,47.57095],[-122.301748,47.571923],[-122.303415,47.571921],[-122.304451,47.571921],[-122.305322,47.571921],[-122.306476,47.571922],[-122.307538,47.571902],[-122.308247,47.571902],[-122.309619,47.571902],[-122.31031,47.571904],[-122.311409,47.571901],[-122.311656,47.571862],[-122.312066,47.571758],[-122.312521,47.57163],[-122.31289,47.571496],[-122.313055,47.571436],[-122.313266,47.571269],[-122.313416,47.57106],[-122.313429,47.569865],[-122.313433,47.569164],[-122.313446,47.568993],[-122.31376,47.568991],[-122.314094,47.56899],[-122.314372,47.569707],[-122.314744,47.569723],[-122.314729,47.569038],[-122.315379,47.569046],[-122.315371,47.569053],[-122.315367,47.569081],[-122.315373,47.569122],[-122.315381,47.569569],[-122.315408,47.569785],[-122.315416,47.569805],[-122.315421,47.569816],[-122.31545,47.569844],[-122.315509,47.569859],[-122.316027,47.569859],[-122.316073,47.569975],[-122.316418,47.570166],[-122.319606,47.57001],[-122.319608,47.56995],[-122.319628,47.569768],[-122.319665,47.569587],[-122.319864,47.568911],[-122.319995,47.568601],[-122.319812,47.56955],[-122.319783,47.569757],[-122.319792,47.569942],[-122.319809,47.570027],[-122.319852,47.570166],[-122.319922,47.570318],[-122.319987,47.57042],[-122.319924,47.57131],[-122.319898,47.57185],[-122.319882,47.572041],[-122.319854,47.572453],[-122.319848,47.572568],[-122.320091,47.572433],[-122.320063,47.57309],[-122.319896,47.575963],[-122.319852,47.57634],[-122.31976,47.576891],[-122.319658,47.577268],[-122.319537,47.577756],[-122.31953,47.577787],[-122.319208,47.57784],[-122.319049,47.578543],[-122.318966,47.579208],[-122.318962,47.579638],[-122.318994,47.580151],[-122.319068,47.580584],[-122.319557,47.582524],[-122.319674,47.583044],[-122.319743,47.583354],[-122.319869,47.58398],[-122.319949,47.584618],[-122.32006,47.586087],[-122.319847,47.586059],[-122.319649,47.58601],[-122.319493,47.585951],[-122.319306,47.585865],[-122.319151,47.585763],[-122.319009,47.585657],[-122.318896,47.585546],[-122.318792,47.585395],[-122.318598,47.585082],[-122.318466,47.584885],[-122.318421,47.584839],[-122.317303,47.583705],[-122.317233,47.5839],[-122.317176,47.584551],[-122.317174,47.584625],[-122.317224,47.584752],[-122.317226,47.584764],[-122.317995,47.58638],[-122.317669,47.588435],[-122.317908,47.588435],[-122.317944,47.589832],[-122.317949,47.589985],[-122.317282,47.589986],[-122.317282,47.590559],[-122.318577,47.590457],[-122.320344,47.59129],[-122.320447,47.590737],[-122.320506,47.590297],[-122.320504,47.589811],[-122.320605,47.590189],[-122.320631,47.59052],[-122.32065,47.591193],[-122.320642,47.591395],[-122.320606,47.591784],[-122.32054,47.592244],[-122.320447,47.592655],[-122.320329,47.593073],[-122.320074,47.593754],[-122.320058,47.593797],[-122.320033,47.593885],[-122.320628,47.593719],[-122.320619,47.593778],[-122.320599,47.593888],[-122.320539,47.594173],[-122.320156,47.594245],[-122.319918,47.594289],[-122.319834,47.594302],[-122.319793,47.594423],[-122.319705,47.594625],[-122.319637,47.594762],[-122.319515,47.595007],[-122.319397,47.595263],[-122.319352,47.595385],[-122.319312,47.595493],[-122.319272,47.595686],[-122.319253,47.595823],[-122.31877,47.595821],[-122.317257,47.595819],[-122.317243,47.596627],[-122.317228,47.597498],[-122.31723,47.598336],[-122.317225,47.599187],[-122.317194,47.600013],[-122.317194,47.600264],[-122.316967,47.600851],[-122.314819,47.600852],[-122.314133,47.600847],[-122.312882,47.600846],[-122.311574,47.600842],[-122.310269,47.60084],[-122.308965,47.600837],[-122.308968,47.599999],[-122.307662,47.599997],[-122.30765,47.600846],[-122.307659,47.601674],[-122.306354,47.601672],[-122.306355,47.600833],[-122.30505,47.60083],[-122.304344,47.600829],[-122.303851,47.601156],[-122.303712,47.601248],[-122.303745,47.601361],[-122.303741,47.601667],[-122.302335,47.601665],[-122.301098,47.601663],[-122.299973,47.601661],[-122.299978,47.60137],[-122.299987,47.600865],[-122.298933,47.600864],[-122.298922,47.601483],[-122.298919,47.601659],[-122.297866,47.601657],[-122.297883,47.600863],[-122.296938,47.600862],[-122.296809,47.601279],[-122.29677,47.601654],[-122.295989,47.601653],[-122.295821,47.601652],[-122.295846,47.600861],[-122.294978,47.600861],[-122.294935,47.60165],[-122.293737,47.601648],[-122.292519,47.601646],[-122.291302,47.601644],[-122.29017,47.601642],[-122.289187,47.601652],[-122.288894,47.601651],[-122.2877,47.601645],[-122.286677,47.601707],[-122.286009,47.601745],[-122.285316,47.60174],[-122.284108,47.601691],[-122.283631,47.601662],[-122.281211,47.60152],[-122.267635,47.601521],[-122.267843,47.597073],[-122.268135,47.590821],[-122.26815,47.590039],[-122.268152,47.589962],[-122.268154,47.58983],[-122.26816,47.589527],[-122.268141,47.589314],[-122.265745,47.583974],[-122.264749,47.581752],[-122.262134,47.575921],[-122.262258,47.575662],[-122.274473,47.571499],[-122.276635,47.570762],[-122.276871,47.570706],[-122.277208,47.570558],[-122.277326,47.570398],[-122.277612,47.570296],[-122.277683,47.570024],[-122.27901,47.570018],[-122.279179,47.570025],[-122.279362,47.570067],[-122.2795,47.570121],[-122.279647,47.570203],[-122.279789,47.57033],[-122.2799,47.570484],[-122.280005,47.570644],[-122.280753,47.570682],[-122.281279,47.570677],[-122.28153,47.570694],[-122.281618,47.570688],[-122.281676,47.570678],[-122.281728,47.570656],[-122.281741,47.570647],[-122.28223,47.570654],[-122.282437,47.570695],[-122.282872,47.570679],[-122.282871,47.56976],[-122.283409,47.569763],[-122.283946,47.569766]]]}},{"type":"Feature","properties":{"STATEFP10":"53","ZCTA5CE10":"98122","GEOID10":"5398122","CLASSFP10":"B5","MTFCC10":"G6350","FUNCSTAT10":"S","ALAND10":5992910,"AWATER10":3155568,"INTPTLAT10":"+47.6110462","INTPTLON10":"-122.2932070","PARTFLG10":"N"},"geometry":{"type":"Polygon","coordinates":[[[-122.306082,47.6185],[-122.304771,47.618496],[-122.304199,47.61811],[-122.304161,47.618085],[-122.303652,47.618418],[-122.302549,47.619169],[-122.302554,47.618932],[-122.302481,47.618931],[-122.301182,47.618923],[-122.299876,47.618916],[-122.298838,47.618911],[-122.298561,47.61891],[-122.297265,47.618903],[-122.296118,47.618897],[-122.294813,47.618891],[-122.293507,47.618884],[-122.292348,47.618878],[-122.291264,47.618869],[-122.291249,47.618519],[-122.291207,47.618484],[-122.291182,47.618463],[-122.2911,47.61842],[-122.290989,47.618382],[-122.290834,47.618337],[-122.290645,47.618326],[-122.289877,47.618338],[-122.289521,47.618339],[-122.28929,47.618366],[-122.288762,47.618364],[-122.288668,47.618271],[-122.288568,47.618307],[-122.288439,47.618333],[-122.28832,47.61835],[-122.288172,47.618363],[-122.287978,47.618365],[-122.287544,47.618361],[-122.286469,47.618358],[-122.285709,47.618356],[-122.285563,47.618335],[-122.28541,47.618313],[-122.285229,47.61826],[-122.285067,47.618187],[-122.284931,47.6181],[-122.284814,47.617997],[-122.284723,47.617881],[-122.284569,47.617612],[-122.28322,47.617607],[-122.283038,47.617622],[-122.282628,47.617665],[-122.282574,47.617569],[-122.282565,47.617251],[-122.282581,47.616459],[-122.282474,47.61646],[-122.281756,47.616444],[-122.280342,47.61643],[-122.280342,47.61635],[-122.280151,47.616346],[-122.279699,47.616352],[-122.279558,47.616756],[-122.279569,47.62122],[-122.281661,47.623073],[-122.281653,47.624703],[-122.281057,47.625363],[-122.280957,47.625468],[-122.280229,47.626243],[-122.263823,47.624468],[-122.263535,47.62432],[-122.264187,47.621146],[-122.265735,47.61362],[-122.267635,47.601521],[-122.281211,47.60152],[-122.283631,47.601662],[-122.284108,47.601691],[-122.285316,47.60174],[-122.286009,47.601745],[-122.286677,47.601707],[-122.2877,47.601645],[-122.288894,47.601651],[-122.289187,47.601652],[-122.29017,47.601642],[-122.291302,47.601644],[-122.292519,47.601646],[-122.293737,47.601648],[-122.294935,47.60165],[-122.294978,47.600861],[-122.295846,47.600861],[-122.295821,47.601652],[-122.295989,47.601653],[-122.29677,47.601654],[-122.296809,47.601279],[-122.296938,47.600862],[-122.297883,47.600863],[-122.297866,47.601657],[-122.298919,47.601659],[-122.298922,47.601483],[-122.298933,47.600864],[-122.299987,47.600865],[-122.299978,47.60137],[-122.299973,47.601661],[-122.301098,47.601663],[-122.302335,47.601665],[-122.303741,47.601667],[-122.303745,47.601361],[-122.303712,47.601248],[-122.303851,47.601156],[-122.304344,47.600829],[-122.30505,47.60083],[-122.306355,47.600833],[-122.306354,47.601672],[-122.307659,47.601674],[-122.30765,47.600846],[-122.307662,47.599997],[-122.308968,47.599999],[-122.308965,47.600837],[-122.310269,47.60084],[-122.311574,47.600842],[-122.312882,47.600846],[-122.314133,47.600847],[-122.314819,47.600852],[-122.316967,47.600851],[-122.316783,47.601692],[-122.317825,47.601693],[-122.319583,47.601696],[-122.319577,47.601447],[-122.319577,47.601416],[-122.319481,47.601027],[-122.31942,47.600909],[-122.320266,47.600827],[-122.320408,47.601226],[-122.320711,47.601297],[-122.320845,47.601285],[-122.321061,47.601251],[-122.321421,47.60124],[-122.321478,47.601284],[-122.321548,47.601461],[-122.321577,47.6017],[-122.320739,47.601699],[-122.320741,47.602691],[-122.320742,47.602841],[-122.320743,47.603284],[-122.320744,47.60352],[-122.320744,47.603577],[-122.320746,47.604269],[-122.320747,47.604529],[-122.32075,47.6052],[-122.320751,47.605246],[-122.321227,47.605054],[-122.321879,47.605768],[-122.320751,47.606211],[-122.320752,47.606453],[-122.320754,47.607217],[-122.321423,47.606946],[-122.321454,47.60698],[-122.322074,47.607659],[-122.321152,47.608049],[-122.320989,47.608107],[-122.320951,47.608114],[-122.321337,47.60902],[-122.322726,47.608373],[-122.323378,47.609087],[-122.322296,47.609539],[-122.321856,47.609724],[-122.32116,47.610015],[-122.32076,47.610182],[-122.32076,47.61041],[-122.320762,47.611167],[-122.321812,47.610728],[-122.321849,47.610769],[-122.322463,47.611443],[-122.323115,47.612157],[-122.322394,47.612462],[-122.321992,47.612626],[-122.322088,47.612734],[-122.322095,47.612985],[-122.323384,47.612982],[-122.3236,47.612981],[-122.324445,47.612969],[-122.325364,47.612969],[-122.325506,47.612968],[-122.32619,47.612965],[-122.326886,47.612957],[-122.327017,47.613062],[-122.327043,47.613084],[-122.327806,47.613928],[-122.327923,47.614056],[-122.327924,47.614159],[-122.327906,47.615237],[-122.327896,47.615704],[-122.328412,47.616267],[-122.328481,47.616341],[-122.328543,47.616389],[-122.328255,47.616495],[-122.327882,47.616632],[-122.32788,47.616694],[-122.327877,47.617068],[-122.327855,47.618495],[-122.326728,47.618491],[-122.325632,47.61849],[-122.325286,47.618494],[-122.32529,47.618894],[-122.325073,47.619095],[-122.324848,47.619261],[-122.324534,47.619446],[-122.324259,47.619573],[-122.324013,47.619664],[-122.324011,47.618507],[-122.323597,47.618498],[-122.32346,47.618534],[-122.322983,47.618724],[-122.322656,47.618727],[-122.322188,47.618732],[-122.320938,47.618737],[-122.320856,47.618738],[-122.320074,47.618744],[-122.319522,47.618747],[-122.31936,47.618748],[-122.318217,47.618757],[-122.316912,47.618767],[-122.315606,47.618776],[-122.3143,47.618786],[-122.313685,47.61879],[-122.31337,47.61852],[-122.312744,47.618519],[-122.311445,47.618515],[-122.31014,47.618511],[-122.310138,47.618632],[-122.31013,47.619671],[-122.310076,47.619671],[-122.308822,47.619667],[-122.30883,47.619],[-122.308833,47.618508],[-122.30852,47.618507],[-122.307541,47.618504],[-122.307386,47.618504],[-122.306082,47.6185]]]}},{"type":"Feature","properties":{"STATEFP10":"53","ZCTA5CE10":"98195","GEOID10":"5398195","CLASSFP10":"B5","MTFCC10":"G6350","FUNCSTAT10":"S","ALAND10":183452,"AWATER10":50845,"INTPTLAT10":"+47.6487627","INTPTLON10":"-122.3082818","PARTFLG10":"N"},"geometry":{"type":"Polygon","coordinates":[[[-122.312272,47.650578],[-122.312271,47.650747],[-122.312206,47.652846],[-122.311517,47.652483],[-122.310837,47.652146],[-122.310729,47.652093],[-122.309237,47.651338],[-122.308553,47.651012],[-122.307602,47.650529],[-122.306776,47.650115],[-122.306573,47.650007],[-122.306,47.649726],[-122.305033,47.649238],[-122.304823,47.649124],[-122.30466,47.649002],[-122.304627,47.648928],[-122.304604,47.648841],[-122.304592,47.648136],[-122.304592,47.647819],[-122.304594,47.647713],[-122.304599,47.647402],[-122.305172,47.647558],[-122.308979,47.647241],[-122.310437,47.64712],[-122.312323,47.647192],[-122.312412,47.647196],[-122.312294,47.649395],[-122.31228,47.649632],[-122.312323,47.64969],[-122.312272,47.650578]]]}}]}